{"ts":1785671795.745,"level":"INFO","logger":"flowsense","msg":"camera","camera_id":"30","camera":"Simpang DPRD Arah Kota"}
{"ts":1785671795.745,"level":"INFO","logger":"flowsense","msg":"stream","url":"https://stream.kuduskab.go.id/memfs/b2e6de86-4d67-4797-a6e8-7e57871d0a0a.m3u8"}
{"ts":1785671800.468,"level":"INFO","logger":"flowsense","msg":"model loaded"}
{"ts":1785671805.079,"level":"INFO","logger":"flowsense","msg":"record","camera_id":"30","event":"{\"ts\": 1785671801, \"camera_id\": 30, \"camera\": \"Simpang DPRD Arah Kota\", \"total_vehicles\": 0, \"per_lane\": {}, \"crossings\": {}}"}
{"ts":1785671805.135,"level":"INFO","logger":"flowsense","msg":"record","camera_id":"30","event":"{\"ts\": 1785671805, \"camera_id\": 30, \"camera\": \"Simpang DPRD Arah Kota\", \"total_vehicles\": 0, \"per_lane\": {}, \"crossings\": {}}"}
{"ts":1785671807.144,"level":"INFO","logger":"flowsense","msg":"record","camera_id":"30","event":"{\"ts\": 1785671807, \"camera_id\": 30, \"camera\": \"Simpang DPRD Arah Kota\", \"total_vehicles\": 1, \"per_lane\": {}, \"crossings\": {}}"}
{"ts":1785671809.194,"level":"INFO","logger":"flowsense","msg":"record","camera_id":"30","event":"{\"ts\": 1785671809, \"camera_id\": 30, \"camera\": \"Simpang DPRD Arah Kota\", \"total_vehicles\": 1, \"per_lane\": {}, \"crossings\": {}}"}
{"ts":1785671811.211,"level":"INFO","logger":"flowsense","msg":"record","camera_id":"30","event":"{\"ts\": 1785671811, \"camera_id\": 30, \"camera\": \"Simpang DPRD Arah Kota\", \"total_vehicles\": 1, \"per_lane\": {}, \"crossings\": {}}"}
{"ts":1785671813.238,"level":"INFO","logger":"flowsense","msg":"record","camera_id":"30","event":"{\"ts\": 1785671813, \"camera_id\": 30, \"camera\": \"Simpang DPRD Arah Kota\", \"total_vehicles\": 1, \"per_lane\": {}, \"crossings\": {}}"}
{"ts":1785671815.271,"level":"INFO","logger":"flowsense","msg":"record","camera_id":"30","event":"{\"ts\": 1785671815, \"camera_id\": 30, \"camera\": \"Simpang DPRD Arah Kota\", \"total_vehicles\": 1, \"per_lane\": {}, \"crossings\": {}}"}
{"ts":1785671817.316,"level":"INFO","logger":"flowsense","msg":"record","camera_id":"30","event":"{\"ts\": 1785671817, \"camera_id\": 30, \"camera\": \"Simpang DPRD Arah Kota\", \"total_vehicles\": 0, \"per_lane\": {}, \"crossings\": {}}"}
{"ts":1785671819.342,"level":"INFO","logger":"flowsense","msg":"record","camera_id":"30","event":"{\"ts\": 1785671819, \"camera_id\": 30, \"camera\": \"Simpang DPRD Arah Kota\", \"total_vehicles\": 0, \"per_lane\": {}, \"crossings\": {}}"}
{"ts":1785671821.39,"level":"INFO","logger":"flowsense","msg":"record","camera_id":"30","event":"{\"ts\": 1785671821, \"camera_id\": 30, \"camera\": \"Simpang DPRD Arah Kota\", \"total_vehicles\": 0, \"per_lane\": {}, \"crossings\": {}}"}
{"ts":1785671823.43,"level":"INFO","logger":"flowsense","msg":"record","camera_id":"30","event":"{\"ts\": 1785671823, \"camera_id\": 30, \"camera\": \"Simpang DPRD Arah Kota\", \"total_vehicles\": 0, \"per_lane\": {}, \"crossings\": {}}"}
{"ts":1785671825.454,"level":"INFO","logger":"flowsense","msg":"record","camera_id":"30","event":"{\"ts\": 1785671825, \"camera_id\": 30, \"camera\": \"Simpang DPRD Arah Kota\", \"total_vehicles\": 0, \"per_lane\": {}, \"crossings\": {}}"}
{"ts":1785671827.471,"level":"INFO","logger":"flowsense","msg":"record","camera_id":"30","event":"{\"ts\": 1785671827, \"camera_id\": 30, \"camera\": \"Simpang DPRD Arah Kota\", \"total_vehicles\": 0, \"per_lane\": {}, \"crossings\": {}}"}
{"ts":1785671829.477,"level":"INFO","logger":"flowsense","msg":"record","camera_id":"30","event":"{\"ts\": 1785671829, \"camera_id\": 30, \"camera\": \"Simpang DPRD Arah Kota\", \"total_vehicles\": 0, \"per_lane\": {}, \"crossings\": {}}"}
{"ts":1785671831.536,"level":"INFO","logger":"flowsense","msg":"record","camera_id":"30","event":"{\"ts\": 1785671831, \"camera_id\": 30, \"camera\": \"Simpang DPRD Arah Kota\", \"total_vehicles\": 0, \"per_lane\": {}, \"crossings\": {}}"}
{"ts":1785671833.551,"level":"INFO","logger":"flowsense","msg":"record","camera_id":"30","event":"{\"ts\": 1785671833, \"camera_id\": 30, \"camera\": \"Simpang DPRD Arah Kota\", \"total_vehicles\": 0, \"per_lane\": {}, \"crossings\": {}}"}
{"ts":1785671835.589,"level":"INFO","logger":"flowsense","msg":"record","camera_id":"30","event":"{\"ts\": 1785671835, \"camera_id\": 30, \"camera\": \"Simpang DPRD Arah Kota\", \"total_vehicles\": 0, \"per_lane\": {}, \"crossings\": {}}"}
{"ts":1785671837.681,"level":"INFO","logger":"flowsense","msg":"record","camera_id":"30","event":"{\"ts\": 1785671837, \"camera_id\": 30, \"camera\": \"Simpang DPRD Arah Kota\", \"total_vehicles\": 0, \"per_lane\": {}, \"crossings\": {}}"}
{"ts":1785671839.72,"level":"INFO","logger":"flowsense","msg":"record","camera_id":"30","event":"{\"ts\": 1785671839, \"camera_id\": 30, \"camera\": \"Simpang DPRD Arah Kota\", \"total_vehicles\": 3, \"per_lane\": {}, \"crossings\": {}}"}
{"ts":1785671841.759,"level":"INFO","logger":"flowsense","msg":"record","camera_id":"30","event":"{\"ts\": 1785671841, \"camera_id\": 30, \"camera\": \"Simpang DPRD Arah Kota\", \"total_vehicles\": 0, \"per_lane\": {}, \"crossings\": {}}"}
{"ts":1785671843.813,"level":"INFO","logger":"flowsense","msg":"record","camera_id":"30","event":"{\"ts\": 1785671843, \"camera_id\": 30, \"camera\": \"Simpang DPRD Arah Kota\", \"total_vehicles\": 1, \"per_lane\": {}, \"crossings\": {}}"}
{"ts":1785671845.846,"level":"INFO","logger":"flowsense","msg":"record","camera_id":"30","event":"{\"ts\": 1785671845, \"camera_id\": 30, \"camera\": \"Simpang DPRD Arah Kota\", \"total_vehicles\": 1, \"per_lane\": {}, \"crossings\": {}}"}
{"ts":1785671847.874,"level":"INFO","logger":"flowsense","msg":"record","camera_id":"30","event":"{\"ts\": 1785671847, \"camera_id\": 30, \"camera\": \"Simpang DPRD Arah Kota\", \"total_vehicles\": 1, \"per_lane\": {}, \"crossings\": {}}"}
{"ts":1785671849.893,"level":"INFO","logger":"flowsense","msg":"record","camera_id":"30","event":"{\"ts\": 1785671849, \"camera_id\": 30, \"camera\": \"Simpang DPRD Arah Kota\", \"total_vehicles\": 0, \"per_lane\": {}, \"crossings\": {}}"}
{"ts":1785671851.974,"level":"INFO","logger":"flowsense","msg":"record","camera_id":"30","event":"{\"ts\": 1785671851, \"camera_id\": 30, \"camera\": \"Simpang DPRD Arah Kota\", \"total_vehicles\": 0, \"per_lane\": {}, \"crossings\": {}}"}
{"ts":1785671854.016,"level":"INFO","logger":"flowsense","msg":"record","camera_id":"30","event":"{\"ts\": 1785671853, \"camera_id\": 30, \"camera\": \"Simpang DPRD Arah Kota\", \"total_vehicles\": 2, \"per_lane\": {\"kota\": 1}, \"crossings\": {}}"}
{"ts":1785671856.059,"level":"INFO","logger":"flowsense","msg":"record","camera_id":"30","event":"{\"ts\": 1785671856, \"camera_id\": 30, \"camera\": \"Simpang DPRD Arah Kota\", \"total_vehicles\": 0, \"per_lane\": {}, \"crossings\": {}}"}
{"ts":1785671858.106,"level":"INFO","logger":"flowsense","msg":"record","camera_id":"30","event":"{\"ts\": 1785671858, \"camera_id\": 30, \"camera\": \"Simpang DPRD Arah Kota\", \"total_vehicles\": 1, \"per_lane\": {}, \"crossings\": {}}"}
{"ts":1785671860.143,"level":"INFO","logger":"flowsense","msg":"record","camera_id":"30","event":"{\"ts\": 1785671860, \"camera_id\": 30, \"camera\": \"Simpang DPRD Arah Kota\", \"total_vehicles\": 1, \"per_lane\": {}, \"crossings\": {}}"}
{"ts":1785671862.156,"level":"INFO","logger":"flowsense","msg":"record","camera_id":"30","event":"{\"ts\": 1785671862, \"camera_id\": 30, \"camera\": \"Simpang DPRD Arah Kota\", \"total_vehicles\": 3, \"per_lane\": {}, \"crossings\": {}}"}
{"ts":1785671864.223,"level":"INFO","logger":"flowsense","msg":"record","camera_id":"30","event":"{\"ts\": 1785671864, \"camera_id\": 30, \"camera\": \"Simpang DPRD Arah Kota\", \"total_vehicles\": 1, \"per_lane\": {\"kota\": 1}, \"crossings\": {\"kota\": 1}}"}
{"ts":1785671866.252,"level":"INFO","logger":"flowsense","msg":"record","camera_id":"30","event":"{\"ts\": 1785671866, \"camera_id\": 30, \"camera\": \"Simpang DPRD Arah Kota\", \"total_vehicles\": 0, \"per_lane\": {}, \"crossings\": {\"kota\": 1}}"}
{"ts":1785671868.296,"level":"INFO","logger":"flowsense","msg":"record","camera_id":"30","event":"{\"ts\": 1785671868, \"camera_id\": 30, \"camera\": \"Simpang DPRD Arah Kota\", \"total_vehicles\": 1, \"per_lane\": {}, \"crossings\": {\"kota\": 1}}"}
{"ts":1785671870.294,"level":"INFO","logger":"flowsense","msg":"record","camera_id":"30","event":"{\"ts\": 1785671870, \"camera_id\": 30, \"camera\": \"Simpang DPRD Arah Kota\", \"total_vehicles\": 1, \"per_lane\": {}, \"crossings\": {\"kota\": 1}}"}
{"ts":1785671872.323,"level":"INFO","logger":"flowsense","msg":"record","camera_id":"30","event":"{\"ts\": 1785671872, \"camera_id\": 30, \"camera\": \"Simpang DPRD Arah Kota\", \"total_vehicles\": 0, \"per_lane\": {}, \"crossings\": {\"kota\": 1}}"}
{"ts":1785671874.329,"level":"INFO","logger":"flowsense","msg":"record","camera_id":"30","event":"{\"ts\": 1785671874, \"camera_id\": 30, \"camera\": \"Simpang DPRD Arah Kota\", \"total_vehicles\": 0, \"per_lane\": {}, \"crossings\": {\"kota\": 1}}"}
{"ts":1785671876.332,"level":"INFO","logger":"flowsense","msg":"record","camera_id":"30","event":"{\"ts\": 1785671876, \"camera_id\": 30, \"camera\": \"Simpang DPRD Arah Kota\", \"total_vehicles\": 0, \"per_lane\": {}, \"crossings\": {\"kota\": 1}}"}
{"ts":1785671878.366,"level":"INFO","logger":"flowsense","msg":"record","camera_id":"30","event":"{\"ts\": 1785671878, \"camera_id\": 30, \"camera\": \"Simpang DPRD Arah Kota\", \"total_vehicles\": 0, \"per_lane\": {}, \"crossings\": {\"kota\": 1}}"}
{"ts":1785671880.371,"level":"INFO","logger":"flowsense","msg":"record","camera_id":"30","event":"{\"ts\": 1785671880, \"camera_id\": 30, \"camera\": \"Simpang DPRD Arah Kota\", \"total_vehicles\": 0, \"per_lane\": {}, \"crossings\": {\"kota\": 1}}"}
{"ts":1785671882.405,"level":"INFO","logger":"flowsense","msg":"record","camera_id":"30","event":"{\"ts\": 1785671882, \"camera_id\": 30, \"camera\": \"Simpang DPRD Arah Kota\", \"total_vehicles\": 0, \"per_lane\": {}, \"crossings\": {\"kota\": 1}}"}
{"ts":1785671884.435,"level":"INFO","logger":"flowsense","msg":"record","camera_id":"30","event":"{\"ts\": 1785671884, \"camera_id\": 30, \"camera\": \"Simpang DPRD Arah Kota\", \"total_vehicles\": 0, \"per_lane\": {}, \"crossings\": {\"kota\": 1}}"}
{"ts":1785671886.444,"level":"INFO","logger":"flowsense","msg":"record","camera_id":"30","event":"{\"ts\": 1785671886, \"camera_id\": 30, \"camera\": \"Simpang DPRD Arah Kota\", \"total_vehicles\": 0, \"per_lane\": {}, \"crossings\": {\"kota\": 1}}"}
{"ts":1785671888.454,"level":"INFO","logger":"flowsense","msg":"record","camera_id":"30","event":"{\"ts\": 1785671888, \"camera_id\": 30, \"camera\": \"Simpang DPRD Arah Kota\", \"total_vehicles\": 0, \"per_lane\": {}, \"crossings\": {\"kota\": 1}}"}
{"ts":1785671890.476,"level":"INFO","logger":"flowsense","msg":"record","camera_id":"30","event":"{\"ts\": 1785671890, \"camera_id\": 30, \"camera\": \"Simpang DPRD Arah Kota\", \"total_vehicles\": 0, \"per_lane\": {}, \"crossings\": {\"kota\": 1}}"}
{"ts":1785671892.512,"level":"INFO","logger":"flowsense","msg":"record","camera_id":"30","event":"{\"ts\": 1785671892, \"camera_id\": 30, \"camera\": \"Simpang DPRD Arah Kota\", \"total_vehicles\": 0, \"per_lane\": {}, \"crossings\": {\"kota\": 1}}"}
{"ts":1785671894.556,"level":"INFO","logger":"flowsense","msg":"record","camera_id":"30","event":"{\"ts\": 1785671894, \"camera_id\": 30, \"camera\": \"Simpang DPRD Arah Kota\", \"total_vehicles\": 0, \"per_lane\": {}, \"crossings\": {\"kota\": 1}}"}
{"ts":1785671896.579,"level":"INFO","logger":"flowsense","msg":"record","camera_id":"30","event":"{\"ts\": 1785671896, \"camera_id\": 30, \"camera\": \"Simpang DPRD Arah Kota\", \"total_vehicles\": 0, \"per_lane\": {}, \"crossings\": {\"kota\": 1}}"}
{"ts":1785671898.637,"level":"INFO","logger":"flowsense","msg":"record","camera_id":"30","event":"{\"ts\": 1785671898, \"camera_id\": 30, \"camera\": \"Simpang DPRD Arah Kota\", \"total_vehicles\": 0, \"per_lane\": {}, \"crossings\": {\"kota\": 1}}"}
{"ts":1785671900.679,"level":"INFO","logger":"flowsense","msg":"record","camera_id":"30","event":"{\"ts\": 1785671900, \"camera_id\": 30, \"camera\": \"Simpang DPRD Arah Kota\", \"total_vehicles\": 0, \"per_lane\": {}, \"crossings\": {\"kota\": 1}}"}
{"ts":1785671902.699,"level":"INFO","logger":"flowsense","msg":"record","camera_id":"30","event":"{\"ts\": 1785671902, \"camera_id\": 30, \"camera\": \"Simpang DPRD Arah Kota\", \"total_vehicles\": 0, \"per_lane\": {}, \"crossings\": {\"kota\": 1}}"}
{"ts":1785671904.729,"level":"INFO","logger":"flowsense","msg":"record","camera_id":"30","event":"{\"ts\": 1785671904, \"camera_id\": 30, \"camera\": \"Simpang DPRD Arah Kota\", \"total_vehicles\": 0, \"per_lane\": {}, \"crossings\": {\"kota\": 1}}"}
{"ts":1785671906.755,"level":"INFO","logger":"flowsense","msg":"record","camera_id":"30","event":"{\"ts\": 1785671906, \"camera_id\": 30, \"camera\": \"Simpang DPRD Arah Kota\", \"total_vehicles\": 0, \"per_lane\": {}, \"crossings\": {\"kota\": 1}}"}
{"ts":1785671908.781,"level":"INFO","logger":"flowsense","msg":"record","camera_id":"30","event":"{\"ts\": 1785671908, \"camera_id\": 30, \"camera\": \"Simpang DPRD Arah Kota\", \"total_vehicles\": 0, \"per_lane\": {}, \"crossings\": {\"kota\": 1}}"}
{"ts":1785671910.831,"level":"INFO","logger":"flowsense","msg":"record","camera_id":"30","event":"{\"ts\": 1785671910, \"camera_id\": 30, \"camera\": \"Simpang DPRD Arah Kota\", \"total_vehicles\": 0, \"per_lane\": {}, \"crossings\": {\"kota\": 1}}"}
{"ts":1785671912.868,"level":"INFO","logger":"flowsense","msg":"record","camera_id":"30","event":"{\"ts\": 1785671912, \"camera_id\": 30, \"camera\": \"Simpang DPRD Arah Kota\", \"total_vehicles\": 0, \"per_lane\": {}, \"crossings\": {\"kota\": 1}}"}
{"ts":1785671914.914,"level":"INFO","logger":"flowsense","msg":"record","camera_id":"30","event":"{\"ts\": 1785671914, \"camera_id\": 30, \"camera\": \"Simpang DPRD Arah Kota\", \"total_vehicles\": 0, \"per_lane\": {}, \"crossings\": {\"kota\": 1}}"}
{"ts":1785671916.935,"level":"INFO","logger":"flowsense","msg":"record","camera_id":"30","event":"{\"ts\": 1785671916, \"camera_id\": 30, \"camera\": \"Simpang DPRD Arah Kota\", \"total_vehicles\": 1, \"per_lane\": {}, \"crossings\": {\"kota\": 1}}"}
{"ts":1785671918.977,"level":"INFO","logger":"flowsense","msg":"record","camera_id":"30","event":"{\"ts\": 1785671918, \"camera_id\": 30, \"camera\": \"Simpang DPRD Arah Kota\", \"total_vehicles\": 1, \"per_lane\": {}, \"crossings\": {\"kota\": 1}}"}
{"ts":1785671921.0,"level":"INFO","logger":"flowsense","msg":"record","camera_id":"30","event":"{\"ts\": 1785671920, \"camera_id\": 30, \"camera\": \"Simpang DPRD Arah Kota\", \"total_vehicles\": 0, \"per_lane\": {}, \"crossings\": {\"kota\": 1}}"}
{"ts":1785671923.024,"level":"INFO","logger":"flowsense","msg":"record","camera_id":"30","event":"{\"ts\": 1785671922, \"camera_id\": 30, \"camera\": \"Simpang DPRD Arah Kota\", \"total_vehicles\": 1, \"per_lane\": {}, \"crossings\": {\"kota\": 1}}"}
{"ts":1785671925.076,"level":"INFO","logger":"flowsense","msg":"record","camera_id":"30","event":"{\"ts\": 1785671925, \"camera_id\": 30, \"camera\": \"Simpang DPRD Arah Kota\", \"total_vehicles\": 0, \"per_lane\": {}, \"crossings\": {\"kota\": 1}}"}
{"ts":1785671927.083,"level":"INFO","logger":"flowsense","msg":"record","camera_id":"30","event":"{\"ts\": 1785671927, \"camera_id\": 30, \"camera\": \"Simpang DPRD Arah Kota\", \"total_vehicles\": 0, \"per_lane\": {}, \"crossings\": {\"kota\": 1}}"}
{"ts":1785671929.109,"level":"INFO","logger":"flowsense","msg":"record","camera_id":"30","event":"{\"ts\": 1785671929, \"camera_id\": 30, \"camera\": \"Simpang DPRD Arah Kota\", \"total_vehicles\": 0, \"per_lane\": {}, \"crossings\": {\"kota\": 1}}"}
{"ts":1785671931.132,"level":"INFO","logger":"flowsense","msg":"record","camera_id":"30","event":"{\"ts\": 1785671931, \"camera_id\": 30, \"camera\": \"Simpang DPRD Arah Kota\", \"total_vehicles\": 0, \"per_lane\": {}, \"crossings\": {\"kota\": 1}}"}
{"ts":1785671933.128,"level":"INFO","logger":"flowsense","msg":"record","camera_id":"30","event":"{\"ts\": 1785671933, \"camera_id\": 30, \"camera\": \"Simpang DPRD Arah Kota\", \"total_vehicles\": 0, \"per_lane\": {}, \"crossings\": {\"kota\": 1}}"}
{"ts":1785671935.181,"level":"INFO","logger":"flowsense","msg":"record","camera_id":"30","event":"{\"ts\": 1785671935, \"camera_id\": 30, \"camera\": \"Simpang DPRD Arah Kota\", \"total_vehicles\": 0, \"per_lane\": {}, \"crossings\": {\"kota\": 1}}"}
{"ts":1785671937.281,"level":"INFO","logger":"flowsense","msg":"record","camera_id":"30","event":"{\"ts\": 1785671937, \"camera_id\": 30, \"camera\": \"Simpang DPRD Arah Kota\", \"total_vehicles\": 1, \"per_lane\": {}, \"crossings\": {\"kota\": 1}}"}
{"ts":1785671939.259,"level":"INFO","logger":"flowsense","msg":"record","camera_id":"30","event":"{\"ts\": 1785671939, \"camera_id\": 30, \"camera\": \"Simpang DPRD Arah Kota\", \"total_vehicles\": 1, \"per_lane\": {}, \"crossings\": {\"kota\": 1}}"}
{"ts":1785671941.297,"level":"INFO","logger":"flowsense","msg":"record","camera_id":"30","event":"{\"ts\": 1785671941, \"camera_id\": 30, \"camera\": \"Simpang DPRD Arah Kota\", \"total_vehicles\": 1, \"per_lane\": {}, \"crossings\": {\"kota\": 1}}"}
{"ts":1785671943.369,"level":"INFO","logger":"flowsense","msg":"record","camera_id":"30","event":"{\"ts\": 1785671943, \"camera_id\": 30, \"camera\": \"Simpang DPRD Arah Kota\", \"total_vehicles\": 2, \"per_lane\": {}, \"crossings\": {\"kota\": 1}}"}
{"ts":1785671945.39,"level":"INFO","logger":"flowsense","msg":"record","camera_id":"30","event":"{\"ts\": 1785671945, \"camera_id\": 30, \"camera\": \"Simpang DPRD Arah Kota\", \"total_vehicles\": 1, \"per_lane\": {}, \"crossings\": {\"kota\": 1}}"}
{"ts":1785671947.434,"level":"INFO","logger":"flowsense","msg":"record","camera_id":"30","event":"{\"ts\": 1785671947, \"camera_id\": 30, \"camera\": \"Simpang DPRD Arah Kota\", \"total_vehicles\": 1, \"per_lane\": {}, \"crossings\": {\"kota\": 1}}"}
{"ts":1785671949.473,"level":"INFO","logger":"flowsense","msg":"record","camera_id":"30","event":"{\"ts\": 1785671949, \"camera_id\": 30, \"camera\": \"Simpang DPRD Arah Kota\", \"total_vehicles\": 0, \"per_lane\": {}, \"crossings\": {\"kota\": 1}}"}
{"ts":1785671951.483,"level":"INFO","logger":"flowsense","msg":"record","camera_id":"30","event":"{\"ts\": 1785671951, \"camera_id\": 30, \"camera\": \"Simpang DPRD Arah Kota\", \"total_vehicles\": 2, \"per_lane\": {}, \"crossings\": {\"kota\": 1}}"}
{"ts":1785671953.507,"level":"INFO","logger":"flowsense","msg":"record","camera_id":"30","event":"{\"ts\": 1785671953, \"camera_id\": 30, \"camera\": \"Simpang DPRD Arah Kota\", \"total_vehicles\": 1, \"per_lane\": {}, \"crossings\": {\"kota\": 1}}"}
{"ts":1785671955.557,"level":"INFO","logger":"flowsense","msg":"record","camera_id":"30","event":"{\"ts\": 1785671955, \"camera_id\": 30, \"camera\": \"Simpang DPRD Arah Kota\", \"total_vehicles\": 2, \"per_lane\": {}, \"crossings\": {\"kota\": 1}}"}
{"ts":1785671957.576,"level":"INFO","logger":"flowsense","msg":"record","camera_id":"30","event":"{\"ts\": 1785671957, \"camera_id\": 30, \"camera\": \"Simpang DPRD Arah Kota\", \"total_vehicles\": 1, \"per_lane\": {}, \"crossings\": {\"kota\": 1}}"}
{"ts":1785671959.573,"level":"INFO","logger":"flowsense","msg":"record","camera_id":"30","event":"{\"ts\": 1785671959, \"camera_id\": 30, \"camera\": \"Simpang DPRD Arah Kota\", \"total_vehicles\": 2, \"per_lane\": {}, \"crossings\": {\"kota\": 1}}"}
{"ts":1785671961.593,"level":"INFO","logger":"flowsense","msg":"record","camera_id":"30","event":"{\"ts\": 1785671961, \"camera_id\": 30, \"camera\": \"Simpang DPRD Arah Kota\", \"total_vehicles\": 1, \"per_lane\": {}, \"crossings\": {\"kota\": 1}}"}
{"ts":1785671963.638,"level":"INFO","logger":"flowsense","msg":"record","camera_id":"30","event":"{\"ts\": 1785671963, \"camera_id\": 30, \"camera\": \"Simpang DPRD Arah Kota\", \"total_vehicles\": 1, \"per_lane\": {}, \"crossings\": {\"kota\": 1}}"}
{"ts":1785671965.665,"level":"INFO","logger":"flowsense","msg":"record","camera_id":"30","event":"{\"ts\": 1785671965, \"camera_id\": 30, \"camera\": \"Simpang DPRD Arah Kota\", \"total_vehicles\": 0, \"per_lane\": {}, \"crossings\": {\"kota\": 1}}"}
{"ts":1785671967.701,"level":"INFO","logger":"flowsense","msg":"record","camera_id":"30","event":"{\"ts\": 1785671967, \"camera_id\": 30, \"camera\": \"Simpang DPRD Arah Kota\", \"total_vehicles\": 1, \"per_lane\": {}, \"crossings\": {\"kota\": 1}}"}
{"ts":1785671969.709,"level":"INFO","logger":"flowsense","msg":"record","camera_id":"30","event":"{\"ts\": 1785671969, \"camera_id\": 30, \"camera\": \"Simpang DPRD Arah Kota\", \"total_vehicles\": 1, \"per_lane\": {}, \"crossings\": {\"kota\": 1}}"}
{"ts":1785671971.747,"level":"INFO","logger":"flowsense","msg":"record","camera_id":"30","event":"{\"ts\": 1785671971, \"camera_id\": 30, \"camera\": \"Simpang DPRD Arah Kota\", \"total_vehicles\": 0, \"per_lane\": {}, \"crossings\": {\"kota\": 1}}"}
{"ts":1785671973.779,"level":"INFO","logger":"flowsense","msg":"record","camera_id":"30","event":"{\"ts\": 1785671973, \"camera_id\": 30, \"camera\": \"Simpang DPRD Arah Kota\", \"total_vehicles\": 0, \"per_lane\": {}, \"crossings\": {\"kota\": 1}}"}
{"ts":1785671975.798,"level":"INFO","logger":"flowsense","msg":"record","camera_id":"30","event":"{\"ts\": 1785671975, \"camera_id\": 30, \"camera\": \"Simpang DPRD Arah Kota\", \"total_vehicles\": 1, \"per_lane\": {}, \"crossings\": {\"kota\": 1}}"}
{"ts":1785671977.81,"level":"INFO","logger":"flowsense","msg":"record","camera_id":"30","event":"{\"ts\": 1785671977, \"camera_id\": 30, \"camera\": \"Simpang DPRD Arah Kota\", \"total_vehicles\": 1, \"per_lane\": {}, \"crossings\": {\"kota\": 1}}"}
{"ts":1785671979.822,"level":"INFO","logger":"flowsense","msg":"record","camera_id":"30","event":"{\"ts\": 1785671979, \"camera_id\": 30, \"camera\": \"Simpang DPRD Arah Kota\", \"total_vehicles\": 0, \"per_lane\": {}, \"crossings\": {\"kota\": 1}}"}
{"ts":1785671981.823,"level":"INFO","logger":"flowsense","msg":"record","camera_id":"30","event":"{\"ts\": 1785671981, \"camera_id\": 30, \"camera\": \"Simpang DPRD Arah Kota\", \"total_vehicles\": 0, \"per_lane\": {}, \"crossings\": {\"kota\": 1}}"}
{"ts":1785671983.835,"level":"INFO","logger":"flowsense","msg":"record","camera_id":"30","event":"{\"ts\": 1785671983, \"camera_id\": 30, \"camera\": \"Simpang DPRD Arah Kota\", \"total_vehicles\": 0, \"per_lane\": {}, \"crossings\": {\"kota\": 1}}"}
{"ts":1785671985.885,"level":"INFO","logger":"flowsense","msg":"record","camera_id":"30","event":"{\"ts\": 1785671985, \"camera_id\": 30, \"camera\": \"Simpang DPRD Arah Kota\", \"total_vehicles\": 0, \"per_lane\": {}, \"crossings\": {\"kota\": 1}}"}
{"ts":1785671987.925,"level":"INFO","logger":"flowsense","msg":"record","camera_id":"30","event":"{\"ts\": 1785671987, \"camera_id\": 30, \"camera\": \"Simpang DPRD Arah Kota\", \"total_vehicles\": 0, \"per_lane\": {}, \"crossings\": {\"kota\": 1}}"}
{"ts":1785671989.951,"level":"INFO","logger":"flowsense","msg":"record","camera_id":"30","event":"{\"ts\": 1785671989, \"camera_id\": 30, \"camera\": \"Simpang DPRD Arah Kota\", \"total_vehicles\": 0, \"per_lane\": {}, \"crossings\": {\"kota\": 1}}"}
{"ts":1785671991.947,"level":"INFO","logger":"flowsense","msg":"record","camera_id":"30","event":"{\"ts\": 1785671991, \"camera_id\": 30, \"camera\": \"Simpang DPRD Arah Kota\", \"total_vehicles\": 0, \"per_lane\": {}, \"crossings\": {\"kota\": 1}}"}
{"ts":1785671993.972,"level":"INFO","logger":"flowsense","msg":"record","camera_id":"30","event":"{\"ts\": 1785671993, \"camera_id\": 30, \"camera\": \"Simpang DPRD Arah Kota\", \"total_vehicles\": 0, \"per_lane\": {}, \"crossings\": {\"kota\": 1}}"}
{"ts":1785671996.081,"level":"INFO","logger":"flowsense","msg":"record","camera_id":"30","event":"{\"ts\": 1785671996, \"camera_id\": 30, \"camera\": \"Simpang DPRD Arah Kota\", \"total_vehicles\": 0, \"per_lane\": {}, \"crossings\": {\"kota\": 1}}"}
{"ts":1785671998.121,"level":"INFO","logger":"flowsense","msg":"record","camera_id":"30","event":"{\"ts\": 1785671998, \"camera_id\": 30, \"camera\": \"Simpang DPRD Arah Kota\", \"total_vehicles\": 0, \"per_lane\": {}, \"crossings\": {\"kota\": 1}}"}
{"ts":1785672000.152,"level":"INFO","logger":"flowsense","msg":"record","camera_id":"30","event":"{\"ts\": 1785672000, \"camera_id\": 30, \"camera\": \"Simpang DPRD Arah Kota\", \"total_vehicles\": 0, \"per_lane\": {}, \"crossings\": {\"kota\": 1}}"}
{"ts":1785672002.159,"level":"INFO","logger":"flowsense","msg":"record","camera_id":"30","event":"{\"ts\": 1785672002, \"camera_id\": 30, \"camera\": \"Simpang DPRD Arah Kota\", \"total_vehicles\": 0, \"per_lane\": {}, \"crossings\": {\"kota\": 1}}"}
{"ts":1785672004.198,"level":"INFO","logger":"flowsense","msg":"record","camera_id":"30","event":"{\"ts\": 1785672004, \"camera_id\": 30, \"camera\": \"Simpang DPRD Arah Kota\", \"total_vehicles\": 0, \"per_lane\": {}, \"crossings\": {\"kota\": 1}}"}
{"ts":1785672006.239,"level":"INFO","logger":"flowsense","msg":"record","camera_id":"30","event":"{\"ts\": 1785672006, \"camera_id\": 30, \"camera\": \"Simpang DPRD Arah Kota\", \"total_vehicles\": 0, \"per_lane\": {}, \"crossings\": {\"kota\": 1}}"}
{"ts":1785672008.255,"level":"INFO","logger":"flowsense","msg":"record","camera_id":"30","event":"{\"ts\": 1785672008, \"camera_id\": 30, \"camera\": \"Simpang DPRD Arah Kota\", \"total_vehicles\": 0, \"per_lane\": {}, \"crossings\": {\"kota\": 1}}"}
{"ts":1785672010.315,"level":"INFO","logger":"flowsense","msg":"record","camera_id":"30","event":"{\"ts\": 1785672010, \"camera_id\": 30, \"camera\": \"Simpang DPRD Arah Kota\", \"total_vehicles\": 0, \"per_lane\": {}, \"crossings\": {\"kota\": 1}}"}
{"ts":1785672012.316,"level":"INFO","logger":"flowsense","msg":"record","camera_id":"30","event":"{\"ts\": 1785672012, \"camera_id\": 30, \"camera\": \"Simpang DPRD Arah Kota\", \"total_vehicles\": 0, \"per_lane\": {}, \"crossings\": {\"kota\": 1}}"}
{"ts":1785672014.34,"level":"INFO","logger":"flowsense","msg":"record","camera_id":"30","event":"{\"ts\": 1785672014, \"camera_id\": 30, \"camera\": \"Simpang DPRD Arah Kota\", \"total_vehicles\": 0, \"per_lane\": {}, \"crossings\": {\"kota\": 1}}"}
{"ts":1785672016.407,"level":"INFO","logger":"flowsense","msg":"record","camera_id":"30","event":"{\"ts\": 1785672016, \"camera_id\": 30, \"camera\": \"Simpang DPRD Arah Kota\", \"total_vehicles\": 0, \"per_lane\": {}, \"crossings\": {\"kota\": 1}}"}
{"ts":1785672018.435,"level":"INFO","logger":"flowsense","msg":"record","camera_id":"30","event":"{\"ts\": 1785672018, \"camera_id\": 30, \"camera\": \"Simpang DPRD Arah Kota\", \"total_vehicles\": 0, \"per_lane\": {}, \"crossings\": {\"kota\": 1}}"}
{"ts":1785672020.466,"level":"INFO","logger":"flowsense","msg":"record","camera_id":"30","event":"{\"ts\": 1785672020, \"camera_id\": 30, \"camera\": \"Simpang DPRD Arah Kota\", \"total_vehicles\": 0, \"per_lane\": {}, \"crossings\": {\"kota\": 1}}"}
{"ts":1785672022.508,"level":"INFO","logger":"flowsense","msg":"record","camera_id":"30","event":"{\"ts\": 1785672022, \"camera_id\": 30, \"camera\": \"Simpang DPRD Arah Kota\", \"total_vehicles\": 0, \"per_lane\": {}, \"crossings\": {\"kota\": 1}}"}
{"ts":1785672024.59,"level":"INFO","logger":"flowsense","msg":"record","camera_id":"30","event":"{\"ts\": 1785672024, \"camera_id\": 30, \"camera\": \"Simpang DPRD Arah Kota\", \"total_vehicles\": 0, \"per_lane\": {}, \"crossings\": {\"kota\": 1}}"}
{"ts":1785672026.629,"level":"INFO","logger":"flowsense","msg":"record","camera_id":"30","event":"{\"ts\": 1785672026, \"camera_id\": 30, \"camera\": \"Simpang DPRD Arah Kota\", \"total_vehicles\": 0, \"per_lane\": {}, \"crossings\": {\"kota\": 1}}"}
{"ts":1785672028.656,"level":"INFO","logger":"flowsense","msg":"record","camera_id":"30","event":"{\"ts\": 1785672028, \"camera_id\": 30, \"camera\": \"Simpang DPRD Arah Kota\", \"total_vehicles\": 0, \"per_lane\": {}, \"crossings\": {\"kota\": 1}}"}
{"ts":1785672030.707,"level":"INFO","logger":"flowsense","msg":"record","camera_id":"30","event":"{\"ts\": 1785672030, \"camera_id\": 30, \"camera\": \"Simpang DPRD Arah Kota\", \"total_vehicles\": 0, \"per_lane\": {}, \"crossings\": {\"kota\": 1}}"}
{"ts":1785672032.735,"level":"INFO","logger":"flowsense","msg":"record","camera_id":"30","event":"{\"ts\": 1785672032, \"camera_id\": 30, \"camera\": \"Simpang DPRD Arah Kota\", \"total_vehicles\": 0, \"per_lane\": {}, \"crossings\": {\"kota\": 1}}"}
{"ts":1785672034.744,"level":"INFO","logger":"flowsense","msg":"record","camera_id":"30","event":"{\"ts\": 1785672034, \"camera_id\": 30, \"camera\": \"Simpang DPRD Arah Kota\", \"total_vehicles\": 0, \"per_lane\": {}, \"crossings\": {\"kota\": 1}}"}
{"ts":1785672036.791,"level":"INFO","logger":"flowsense","msg":"record","camera_id":"30","event":"{\"ts\": 1785672036, \"camera_id\": 30, \"camera\": \"Simpang DPRD Arah Kota\", \"total_vehicles\": 0, \"per_lane\": {}, \"crossings\": {\"kota\": 1}}"}
{"ts":1785672038.817,"level":"INFO","logger":"flowsense","msg":"record","camera_id":"30","event":"{\"ts\": 1785672038, \"camera_id\": 30, \"camera\": \"Simpang DPRD Arah Kota\", \"total_vehicles\": 0, \"per_lane\": {}, \"crossings\": {\"kota\": 1}}"}
{"ts":1785672040.847,"level":"INFO","logger":"flowsense","msg":"record","camera_id":"30","event":"{\"ts\": 1785672040, \"camera_id\": 30, \"camera\": \"Simpang DPRD Arah Kota\", \"total_vehicles\": 0, \"per_lane\": {}, \"crossings\": {\"kota\": 1}}"}
{"ts":1785672042.871,"level":"INFO","logger":"flowsense","msg":"record","camera_id":"30","event":"{\"ts\": 1785672042, \"camera_id\": 30, \"camera\": \"Simpang DPRD Arah Kota\", \"total_vehicles\": 1, \"per_lane\": {}, \"crossings\": {\"kota\": 1}}"}
{"ts":1785672044.923,"level":"INFO","logger":"flowsense","msg":"record","camera_id":"30","event":"{\"ts\": 1785672044, \"camera_id\": 30, \"camera\": \"Simpang DPRD Arah Kota\", \"total_vehicles\": 1, \"per_lane\": {}, \"crossings\": {\"kota\": 1}}"}
{"ts":1785672046.919,"level":"INFO","logger":"flowsense","msg":"record","camera_id":"30","event":"{\"ts\": 1785672046, \"camera_id\": 30, \"camera\": \"Simpang DPRD Arah Kota\", \"total_vehicles\": 0, \"per_lane\": {}, \"crossings\": {\"kota\": 1}}"}
{"ts":1785672048.949,"level":"INFO","logger":"flowsense","msg":"record","camera_id":"30","event":"{\"ts\": 1785672048, \"camera_id\": 30, \"camera\": \"Simpang DPRD Arah Kota\", \"total_vehicles\": 1, \"per_lane\": {}, \"crossings\": {\"kota\": 1}}"}
{"ts":1785672050.979,"level":"INFO","logger":"flowsense","msg":"record","camera_id":"30","event":"{\"ts\": 1785672050, \"camera_id\": 30, \"camera\": \"Simpang DPRD Arah Kota\", \"total_vehicles\": 3, \"per_lane\": {}, \"crossings\": {\"kota\": 1}}"}
{"ts":1785672053.044,"level":"INFO","logger":"flowsense","msg":"record","camera_id":"30","event":"{\"ts\": 1785672052, \"camera_id\": 30, \"camera\": \"Simpang DPRD Arah Kota\", \"total_vehicles\": 1, \"per_lane\": {}, \"crossings\": {\"kota\": 1}}"}
{"ts":1785672055.051,"level":"INFO","logger":"flowsense","msg":"record","camera_id":"30","event":"{\"ts\": 1785672054, \"camera_id\": 30, \"camera\": \"Simpang DPRD Arah Kota\", \"total_vehicles\": 1, \"per_lane\": {}, \"crossings\": {\"kota\": 1}}"}
{"ts":1785672057.089,"level":"INFO","logger":"flowsense","msg":"record","camera_id":"30","event":"{\"ts\": 1785672057, \"camera_id\": 30, \"camera\": \"Simpang DPRD Arah Kota\", \"total_vehicles\": 4, \"per_lane\": {}, \"crossings\": {\"kota\": 1}}"}
{"ts":1785672059.088,"level":"INFO","logger":"flowsense","msg":"record","camera_id":"30","event":"{\"ts\": 1785672059, \"camera_id\": 30, \"camera\": \"Simpang DPRD Arah Kota\", \"total_vehicles\": 1, \"per_lane\": {}, \"crossings\": {\"kota\": 1}}"}
{"ts":1785672061.14,"level":"INFO","logger":"flowsense","msg":"record","camera_id":"30","event":"{\"ts\": 1785672061, \"camera_id\": 30, \"camera\": \"Simpang DPRD Arah Kota\", \"total_vehicles\": 1, \"per_lane\": {}, \"crossings\": {\"kota\": 1}}"}
{"ts":1785672063.194,"level":"INFO","logger":"flowsense","msg":"record","camera_id":"30","event":"{\"ts\": 1785672063, \"camera_id\": 30, \"camera\": \"Simpang DPRD Arah Kota\", \"total_vehicles\": 1, \"per_lane\": {}, \"crossings\": {\"kota\": 1}}"}
{"ts":1785672065.241,"level":"INFO","logger":"flowsense","msg":"record","camera_id":"30","event":"{\"ts\": 1785672065, \"camera_id\": 30, \"camera\": \"Simpang DPRD Arah Kota\", \"total_vehicles\": 1, \"per_lane\": {}, \"crossings\": {\"kota\": 1}}"}
{"ts":1785672067.26,"level":"INFO","logger":"flowsense","msg":"record","camera_id":"30","event":"{\"ts\": 1785672067, \"camera_id\": 30, \"camera\": \"Simpang DPRD Arah Kota\", \"total_vehicles\": 2, \"per_lane\": {}, \"crossings\": {\"kota\": 1}}"}
{"ts":1785672069.272,"level":"INFO","logger":"flowsense","msg":"record","camera_id":"30","event":"{\"ts\": 1785672069, \"camera_id\": 30, \"camera\": \"Simpang DPRD Arah Kota\", \"total_vehicles\": 1, \"per_lane\": {}, \"crossings\": {\"kota\": 1}}"}
{"ts":1785672071.301,"level":"INFO","logger":"flowsense","msg":"record","camera_id":"30","event":"{\"ts\": 1785672071, \"camera_id\": 30, \"camera\": \"Simpang DPRD Arah Kota\", \"total_vehicles\": 0, \"per_lane\": {}, \"crossings\": {\"kota\": 1}}"}
{"ts":1785672073.315,"level":"INFO","logger":"flowsense","msg":"record","camera_id":"30","event":"{\"ts\": 1785672073, \"camera_id\": 30, \"camera\": \"Simpang DPRD Arah Kota\", \"total_vehicles\": 0, \"per_lane\": {}, \"crossings\": {\"kota\": 1}}"}
{"ts":1785672075.358,"level":"INFO","logger":"flowsense","msg":"record","camera_id":"30","event":"{\"ts\": 1785672075, \"camera_id\": 30, \"camera\": \"Simpang DPRD Arah Kota\", \"total_vehicles\": 0, \"per_lane\": {}, \"crossings\": {\"kota\": 1}}"}
{"ts":1785672077.397,"level":"INFO","logger":"flowsense","msg":"record","camera_id":"30","event":"{\"ts\": 1785672077, \"camera_id\": 30, \"camera\": \"Simpang DPRD Arah Kota\", \"total_vehicles\": 0, \"per_lane\": {}, \"crossings\": {\"kota\": 1}}"}
{"ts":1785672079.423,"level":"INFO","logger":"flowsense","msg":"record","camera_id":"30","event":"{\"ts\": 1785672079, \"camera_id\": 30, \"camera\": \"Simpang DPRD Arah Kota\", \"total_vehicles\": 0, \"per_lane\": {}, \"crossings\": {\"kota\": 1}}"}
{"ts":1785672081.472,"level":"INFO","logger":"flowsense","msg":"record","camera_id":"30","event":"{\"ts\": 1785672081, \"camera_id\": 30, \"camera\": \"Simpang DPRD Arah Kota\", \"total_vehicles\": 0, \"per_lane\": {}, \"crossings\": {\"kota\": 1}}"}
{"ts":1785672083.503,"level":"INFO","logger":"flowsense","msg":"record","camera_id":"30","event":"{\"ts\": 1785672083, \"camera_id\": 30, \"camera\": \"Simpang DPRD Arah Kota\", \"total_vehicles\": 0, \"per_lane\": {}, \"crossings\": {\"kota\": 1}}"}
{"ts":1785672085.533,"level":"INFO","logger":"flowsense","msg":"record","camera_id":"30","event":"{\"ts\": 1785672085, \"camera_id\": 30, \"camera\": \"Simpang DPRD Arah Kota\", \"total_vehicles\": 0, \"per_lane\": {}, \"crossings\": {\"kota\": 1}}"}
{"ts":1785672087.528,"level":"INFO","logger":"flowsense","msg":"record","camera_id":"30","event":"{\"ts\": 1785672087, \"camera_id\": 30, \"camera\": \"Simpang DPRD Arah Kota\", \"total_vehicles\": 0, \"per_lane\": {}, \"crossings\": {\"kota\": 1}}"}
{"ts":1785672089.554,"level":"INFO","logger":"flowsense","msg":"record","camera_id":"30","event":"{\"ts\": 1785672089, \"camera_id\": 30, \"camera\": \"Simpang DPRD Arah Kota\", \"total_vehicles\": 0, \"per_lane\": {}, \"crossings\": {\"kota\": 1}}"}
{"ts":1785672091.582,"level":"INFO","logger":"flowsense","msg":"record","camera_id":"30","event":"{\"ts\": 1785672091, \"camera_id\": 30, \"camera\": \"Simpang DPRD Arah Kota\", \"total_vehicles\": 0, \"per_lane\": {}, \"crossings\": {\"kota\": 1}}"}
{"ts":1785672093.613,"level":"INFO","logger":"flowsense","msg":"record","camera_id":"30","event":"{\"ts\": 1785672093, \"camera_id\": 30, \"camera\": \"Simpang DPRD Arah Kota\", \"total_vehicles\": 0, \"per_lane\": {}, \"crossings\": {\"kota\": 1}}"}
{"ts":1785672095.622,"level":"INFO","logger":"flowsense","msg":"record","camera_id":"30","event":"{\"ts\": 1785672095, \"camera_id\": 30, \"camera\": \"Simpang DPRD Arah Kota\", \"total_vehicles\": 1, \"per_lane\": {}, \"crossings\": {\"kota\": 1}}"}
{"ts":1785672097.654,"level":"INFO","logger":"flowsense","msg":"record","camera_id":"30","event":"{\"ts\": 1785672097, \"camera_id\": 30, \"camera\": \"Simpang DPRD Arah Kota\", \"total_vehicles\": 1, \"per_lane\": {}, \"crossings\": {\"kota\": 1}}"}
{"ts":1785672099.683,"level":"INFO","logger":"flowsense","msg":"record","camera_id":"30","event":"{\"ts\": 1785672099, \"camera_id\": 30, \"camera\": \"Simpang DPRD Arah Kota\", \"total_vehicles\": 0, \"per_lane\": {}, \"crossings\": {\"kota\": 1}}"}
{"ts":1785672101.719,"level":"INFO","logger":"flowsense","msg":"record","camera_id":"30","event":"{\"ts\": 1785672101, \"camera_id\": 30, \"camera\": \"Simpang DPRD Arah Kota\", \"total_vehicles\": 0, \"per_lane\": {}, \"crossings\": {\"kota\": 1}}"}
{"ts":1785672103.765,"level":"INFO","logger":"flowsense","msg":"record","camera_id":"30","event":"{\"ts\": 1785672103, \"camera_id\": 30, \"camera\": \"Simpang DPRD Arah Kota\", \"total_vehicles\": 0, \"per_lane\": {}, \"crossings\": {\"kota\": 1}}"}
{"ts":1785672105.814,"level":"INFO","logger":"flowsense","msg":"record","camera_id":"30","event":"{\"ts\": 1785672105, \"camera_id\": 30, \"camera\": \"Simpang DPRD Arah Kota\", \"total_vehicles\": 0, \"per_lane\": {}, \"crossings\": {\"kota\": 1}}"}
{"ts":1785672107.837,"level":"INFO","logger":"flowsense","msg":"record","camera_id":"30","event":"{\"ts\": 1785672107, \"camera_id\": 30, \"camera\": \"Simpang DPRD Arah Kota\", \"total_vehicles\": 0, \"per_lane\": {}, \"crossings\": {\"kota\": 1}}"}
{"ts":1785672109.854,"level":"INFO","logger":"flowsense","msg":"record","camera_id":"30","event":"{\"ts\": 1785672109, \"camera_id\": 30, \"camera\": \"Simpang DPRD Arah Kota\", \"total_vehicles\": 0, \"per_lane\": {}, \"crossings\": {\"kota\": 1}}"}
{"ts":1785672111.855,"level":"INFO","logger":"flowsense","msg":"record","camera_id":"30","event":"{\"ts\": 1785672111, \"camera_id\": 30, \"camera\": \"Simpang DPRD Arah Kota\", \"total_vehicles\": 0, \"per_lane\": {}, \"crossings\": {\"kota\": 1}}"}
{"ts":1785672113.871,"level":"INFO","logger":"flowsense","msg":"record","camera_id":"30","event":"{\"ts\": 1785672113, \"camera_id\": 30, \"camera\": \"Simpang DPRD Arah Kota\", \"total_vehicles\": 0, \"per_lane\": {}, \"crossings\": {\"kota\": 1}}"}
{"ts":1785672115.884,"level":"INFO","logger":"flowsense","msg":"record","camera_id":"30","event":"{\"ts\": 1785672115, \"camera_id\": 30, \"camera\": \"Simpang DPRD Arah Kota\", \"total_vehicles\": 0, \"per_lane\": {}, \"crossings\": {\"kota\": 1}}"}
{"ts":1785672117.894,"level":"INFO","logger":"flowsense","msg":"record","camera_id":"30","event":"{\"ts\": 1785672117, \"camera_id\": 30, \"camera\": \"Simpang DPRD Arah Kota\", \"total_vehicles\": 0, \"per_lane\": {}, \"crossings\": {\"kota\": 1}}"}
{"ts":1785672119.96,"level":"INFO","logger":"flowsense","msg":"record","camera_id":"30","event":"{\"ts\": 1785672119, \"camera_id\": 30, \"camera\": \"Simpang DPRD Arah Kota\", \"total_vehicles\": 0, \"per_lane\": {}, \"crossings\": {\"kota\": 1}}"}
{"ts":1785672121.994,"level":"INFO","logger":"flowsense","msg":"record","camera_id":"30","event":"{\"ts\": 1785672121, \"camera_id\": 30, \"camera\": \"Simpang DPRD Arah Kota\", \"total_vehicles\": 2, \"per_lane\": {}, \"crossings\": {\"kota\": 1}}"}
{"ts":1785672124.034,"level":"INFO","logger":"flowsense","msg":"record","camera_id":"30","event":"{\"ts\": 1785672123, \"camera_id\": 30, \"camera\": \"Simpang DPRD Arah Kota\", \"total_vehicles\": 0, \"per_lane\": {}, \"crossings\": {\"kota\": 1}}"}
{"ts":1785672126.086,"level":"INFO","logger":"flowsense","msg":"record","camera_id":"30","event":"{\"ts\": 1785672126, \"camera_id\": 30, \"camera\": \"Simpang DPRD Arah Kota\", \"total_vehicles\": 0, \"per_lane\": {}, \"crossings\": {\"kota\": 1}}"}
{"ts":1785672128.124,"level":"INFO","logger":"flowsense","msg":"record","camera_id":"30","event":"{\"ts\": 1785672128, \"camera_id\": 30, \"camera\": \"Simpang DPRD Arah Kota\", \"total_vehicles\": 0, \"per_lane\": {}, \"crossings\": {\"kota\": 1}}"}
{"ts":1785672130.152,"level":"INFO","logger":"flowsense","msg":"record","camera_id":"30","event":"{\"ts\": 1785672130, \"camera_id\": 30, \"camera\": \"Simpang DPRD Arah Kota\", \"total_vehicles\": 0, \"per_lane\": {}, \"crossings\": {\"kota\": 1}}"}
{"ts":1785672132.173,"level":"INFO","logger":"flowsense","msg":"record","camera_id":"30","event":"{\"ts\": 1785672132, \"camera_id\": 30, \"camera\": \"Simpang DPRD Arah Kota\", \"total_vehicles\": 0, \"per_lane\": {}, \"crossings\": {\"kota\": 1}}"}
{"ts":1785672134.209,"level":"INFO","logger":"flowsense","msg":"record","camera_id":"30","event":"{\"ts\": 1785672134, \"camera_id\": 30, \"camera\": \"Simpang DPRD Arah Kota\", \"total_vehicles\": 0, \"per_lane\": {}, \"crossings\": {\"kota\": 1}}"}
{"ts":1785672136.237,"level":"INFO","logger":"flowsense","msg":"record","camera_id":"30","event":"{\"ts\": 1785672136, \"camera_id\": 30, \"camera\": \"Simpang DPRD Arah Kota\", \"total_vehicles\": 0, \"per_lane\": {}, \"crossings\": {\"kota\": 1}}"}
{"ts":1785672138.273,"level":"INFO","logger":"flowsense","msg":"record","camera_id":"30","event":"{\"ts\": 1785672138, \"camera_id\": 30, \"camera\": \"Simpang DPRD Arah Kota\", \"total_vehicles\": 0, \"per_lane\": {}, \"crossings\": {\"kota\": 1}}"}
{"ts":1785672140.325,"level":"INFO","logger":"flowsense","msg":"record","camera_id":"30","event":"{\"ts\": 1785672140, \"camera_id\": 30, \"camera\": \"Simpang DPRD Arah Kota\", \"total_vehicles\": 2, \"per_lane\": {}, \"crossings\": {\"kota\": 1}}"}
{"ts":1785672142.36,"level":"INFO","logger":"flowsense","msg":"record","camera_id":"30","event":"{\"ts\": 1785672142, \"camera_id\": 30, \"camera\": \"Simpang DPRD Arah Kota\", \"total_vehicles\": 1, \"per_lane\": {}, \"crossings\": {\"kota\": 1}}"}
{"ts":1785672144.386,"level":"INFO","logger":"flowsense","msg":"record","camera_id":"30","event":"{\"ts\": 1785672144, \"camera_id\": 30, \"camera\": \"Simpang DPRD Arah Kota\", \"total_vehicles\": 2, \"per_lane\": {}, \"crossings\": {\"kota\": 1}}"}
{"ts":1785672146.408,"level":"INFO","logger":"flowsense","msg":"record","camera_id":"30","event":"{\"ts\": 1785672146, \"camera_id\": 30, \"camera\": \"Simpang DPRD Arah Kota\", \"total_vehicles\": 0, \"per_lane\": {}, \"crossings\": {\"kota\": 1}}"}
{"ts":1785672148.457,"level":"INFO","logger":"flowsense","msg":"record","camera_id":"30","event":"{\"ts\": 1785672148, \"camera_id\": 30, \"camera\": \"Simpang DPRD Arah Kota\", \"total_vehicles\": 2, \"per_lane\": {}, \"crossings\": {\"kota\": 1}}"}
{"ts":1785672150.468,"level":"INFO","logger":"flowsense","msg":"record","camera_id":"30","event":"{\"ts\": 1785672150, \"camera_id\": 30, \"camera\": \"Simpang DPRD Arah Kota\", \"total_vehicles\": 2, \"per_lane\": {}, \"crossings\": {\"kota\": 1}}"}
{"ts":1785672152.519,"level":"INFO","logger":"flowsense","msg":"record","camera_id":"30","event":"{\"ts\": 1785672152, \"camera_id\": 30, \"camera\": \"Simpang DPRD Arah Kota\", \"total_vehicles\": 1, \"per_lane\": {}, \"crossings\": {\"kota\": 1}}"}
{"ts":1785672154.548,"level":"INFO","logger":"flowsense","msg":"record","camera_id":"30","event":"{\"ts\": 1785672154, \"camera_id\": 30, \"camera\": \"Simpang DPRD Arah Kota\", \"total_vehicles\": 0, \"per_lane\": {}, \"crossings\": {\"kota\": 1}}"}
{"ts":1785672156.564,"level":"INFO","logger":"flowsense","msg":"record","camera_id":"30","event":"{\"ts\": 1785672156, \"camera_id\": 30, \"camera\": \"Simpang DPRD Arah Kota\", \"total_vehicles\": 1, \"per_lane\": {}, \"crossings\": {\"kota\": 1}}"}
{"ts":1785672158.678,"level":"INFO","logger":"flowsense","msg":"record","camera_id":"30","event":"{\"ts\": 1785672158, \"camera_id\": 30, \"camera\": \"Simpang DPRD Arah Kota\", \"total_vehicles\": 1, \"per_lane\": {}, \"crossings\": {\"kota\": 1}}"}
{"ts":1785672160.708,"level":"INFO","logger":"flowsense","msg":"record","camera_id":"30","event":"{\"ts\": 1785672160, \"camera_id\": 30, \"camera\": \"Simpang DPRD Arah Kota\", \"total_vehicles\": 1, \"per_lane\": {}, \"crossings\": {\"kota\": 1}}"}
{"ts":1785672162.713,"level":"INFO","logger":"flowsense","msg":"record","camera_id":"30","event":"{\"ts\": 1785672162, \"camera_id\": 30, \"camera\": \"Simpang DPRD Arah Kota\", \"total_vehicles\": 1, \"per_lane\": {}, \"crossings\": {\"kota\": 1}}"}
{"ts":1785672164.747,"level":"INFO","logger":"flowsense","msg":"record","camera_id":"30","event":"{\"ts\": 1785672164, \"camera_id\": 30, \"camera\": \"Simpang DPRD Arah Kota\", \"total_vehicles\": 3, \"per_lane\": {}, \"crossings\": {\"kota\": 1}}"}
{"ts":1785672166.757,"level":"INFO","logger":"flowsense","msg":"record","camera_id":"30","event":"{\"ts\": 1785672166, \"camera_id\": 30, \"camera\": \"Simpang DPRD Arah Kota\", \"total_vehicles\": 3, \"per_lane\": {}, \"crossings\": {\"kota\": 1}}"}
{"ts":1785672168.779,"level":"INFO","logger":"flowsense","msg":"record","camera_id":"30","event":"{\"ts\": 1785672168, \"camera_id\": 30, \"camera\": \"Simpang DPRD Arah Kota\", \"total_vehicles\": 1, \"per_lane\": {}, \"crossings\": {\"kota\": 1}}"}
{"ts":1785672170.81,"level":"INFO","logger":"flowsense","msg":"record","camera_id":"30","event":"{\"ts\": 1785672170, \"camera_id\": 30, \"camera\": \"Simpang DPRD Arah Kota\", \"total_vehicles\": 1, \"per_lane\": {\"kota\": 1}, \"crossings\": {\"kota\": 2}}"}
{"ts":1785672172.829,"level":"INFO","logger":"flowsense","msg":"record","camera_id":"30","event":"{\"ts\": 1785672172, \"camera_id\": 30, \"camera\": \"Simpang DPRD Arah Kota\", \"total_vehicles\": 2, \"per_lane\": {}, \"crossings\": {\"kota\": 2}}"}
{"ts":1785672174.88,"level":"INFO","logger":"flowsense","msg":"record","camera_id":"30","event":"{\"ts\": 1785672174, \"camera_id\": 30, \"camera\": \"Simpang DPRD Arah Kota\", \"total_vehicles\": 1, \"per_lane\": {}, \"crossings\": {\"kota\": 2}}"}
{"ts":1785672176.909,"level":"INFO","logger":"flowsense","msg":"record","camera_id":"30","event":"{\"ts\": 1785672176, \"camera_id\": 30, \"camera\": \"Simpang DPRD Arah Kota\", \"total_vehicles\": 0, \"per_lane\": {}, \"crossings\": {\"kota\": 2}}"}
{"ts":1785672178.951,"level":"INFO","logger":"flowsense","msg":"record","camera_id":"30","event":"{\"ts\": 1785672178, \"camera_id\": 30, \"camera\": \"Simpang DPRD Arah Kota\", \"total_vehicles\": 0, \"per_lane\": {}, \"crossings\": {\"kota\": 2}}"}
{"ts":1785672180.961,"level":"INFO","logger":"flowsense","msg":"record","camera_id":"30","event":"{\"ts\": 1785672180, \"camera_id\": 30, \"camera\": \"Simpang DPRD Arah Kota\", \"total_vehicles\": 1, \"per_lane\": {}, \"crossings\": {\"kota\": 2}}"}
{"ts":1785672183.021,"level":"INFO","logger":"flowsense","msg":"record","camera_id":"30","event":"{\"ts\": 1785672182, \"camera_id\": 30, \"camera\": \"Simpang DPRD Arah Kota\", \"total_vehicles\": 1, \"per_lane\": {}, \"crossings\": {\"kota\": 2}}"}
{"ts":1785672185.063,"level":"INFO","logger":"flowsense","msg":"record","camera_id":"30","event":"{\"ts\": 1785672185, \"camera_id\": 30, \"camera\": \"Simpang DPRD Arah Kota\", \"total_vehicles\": 0, \"per_lane\": {}, \"crossings\": {\"kota\": 2}}"}
{"ts":1785672187.082,"level":"INFO","logger":"flowsense","msg":"record","camera_id":"30","event":"{\"ts\": 1785672187, \"camera_id\": 30, \"camera\": \"Simpang DPRD Arah Kota\", \"total_vehicles\": 0, \"per_lane\": {}, \"crossings\": {\"kota\": 2}}"}
{"ts":1785672189.1,"level":"INFO","logger":"flowsense","msg":"record","camera_id":"30","event":"{\"ts\": 1785672189, \"camera_id\": 30, \"camera\": \"Simpang DPRD Arah Kota\", \"total_vehicles\": 0, \"per_lane\": {}, \"crossings\": {\"kota\": 2}}"}
{"ts":1785672191.121,"level":"INFO","logger":"flowsense","msg":"record","camera_id":"30","event":"{\"ts\": 1785672191, \"camera_id\": 30, \"camera\": \"Simpang DPRD Arah Kota\", \"total_vehicles\": 0, \"per_lane\": {}, \"crossings\": {\"kota\": 2}}"}
{"ts":1785672193.148,"level":"INFO","logger":"flowsense","msg":"record","camera_id":"30","event":"{\"ts\": 1785672193, \"camera_id\": 30, \"camera\": \"Simpang DPRD Arah Kota\", \"total_vehicles\": 0, \"per_lane\": {}, \"crossings\": {\"kota\": 2}}"}
{"ts":1785672195.195,"level":"INFO","logger":"flowsense","msg":"record","camera_id":"30","event":"{\"ts\": 1785672195, \"camera_id\": 30, \"camera\": \"Simpang DPRD Arah Kota\", \"total_vehicles\": 0, \"per_lane\": {}, \"crossings\": {\"kota\": 2}}"}
{"ts":1785672197.255,"level":"INFO","logger":"flowsense","msg":"record","camera_id":"30","event":"{\"ts\": 1785672197, \"camera_id\": 30, \"camera\": \"Simpang DPRD Arah Kota\", \"total_vehicles\": 0, \"per_lane\": {}, \"crossings\": {\"kota\": 2}}"}
{"ts":1785672199.275,"level":"INFO","logger":"flowsense","msg":"record","camera_id":"30","event":"{\"ts\": 1785672199, \"camera_id\": 30, \"camera\": \"Simpang DPRD Arah Kota\", \"total_vehicles\": 0, \"per_lane\": {}, \"crossings\": {\"kota\": 2}}"}
{"ts":1785672201.293,"level":"INFO","logger":"flowsense","msg":"record","camera_id":"30","event":"{\"ts\": 1785672201, \"camera_id\": 30, \"camera\": \"Simpang DPRD Arah Kota\", \"total_vehicles\": 1, \"per_lane\": {}, \"crossings\": {\"kota\": 2}}"}
{"ts":1785672203.342,"level":"INFO","logger":"flowsense","msg":"record","camera_id":"30","event":"{\"ts\": 1785672203, \"camera_id\": 30, \"camera\": \"Simpang DPRD Arah Kota\", \"total_vehicles\": 0, \"per_lane\": {}, \"crossings\": {\"kota\": 2}}"}
{"ts":1785672205.362,"level":"INFO","logger":"flowsense","msg":"record","camera_id":"30","event":"{\"ts\": 1785672205, \"camera_id\": 30, \"camera\": \"Simpang DPRD Arah Kota\", \"total_vehicles\": 0, \"per_lane\": {}, \"crossings\": {\"kota\": 2}}"}
{"ts":1785672207.396,"level":"INFO","logger":"flowsense","msg":"record","camera_id":"30","event":"{\"ts\": 1785672207, \"camera_id\": 30, \"camera\": \"Simpang DPRD Arah Kota\", \"total_vehicles\": 0, \"per_lane\": {}, \"crossings\": {\"kota\": 2}}"}
{"ts":1785672209.45,"level":"INFO","logger":"flowsense","msg":"record","camera_id":"30","event":"{\"ts\": 1785672209, \"camera_id\": 30, \"camera\": \"Simpang DPRD Arah Kota\", \"total_vehicles\": 0, \"per_lane\": {}, \"crossings\": {\"kota\": 2}}"}
{"ts":1785672211.492,"level":"INFO","logger":"flowsense","msg":"record","camera_id":"30","event":"{\"ts\": 1785672211, \"camera_id\": 30, \"camera\": \"Simpang DPRD Arah Kota\", \"total_vehicles\": 0, \"per_lane\": {}, \"crossings\": {\"kota\": 2}}"}
{"ts":1785672213.504,"level":"INFO","logger":"flowsense","msg":"record","camera_id":"30","event":"{\"ts\": 1785672213, \"camera_id\": 30, \"camera\": \"Simpang DPRD Arah Kota\", \"total_vehicles\": 0, \"per_lane\": {}, \"crossings\": {\"kota\": 2}}"}
{"ts":1785672215.548,"level":"INFO","logger":"flowsense","msg":"record","camera_id":"30","event":"{\"ts\": 1785672215, \"camera_id\": 30, \"camera\": \"Simpang DPRD Arah Kota\", \"total_vehicles\": 0, \"per_lane\": {}, \"crossings\": {\"kota\": 2}}"}
{"ts":1785672217.593,"level":"INFO","logger":"flowsense","msg":"record","camera_id":"30","event":"{\"ts\": 1785672217, \"camera_id\": 30, \"camera\": \"Simpang DPRD Arah Kota\", \"total_vehicles\": 0, \"per_lane\": {}, \"crossings\": {\"kota\": 2}}"}
{"ts":1785672219.609,"level":"INFO","logger":"flowsense","msg":"record","camera_id":"30","event":"{\"ts\": 1785672219, \"camera_id\": 30, \"camera\": \"Simpang DPRD Arah Kota\", \"total_vehicles\": 1, \"per_lane\": {}, \"crossings\": {\"kota\": 2}}"}
{"ts":1785672221.625,"level":"INFO","logger":"flowsense","msg":"record","camera_id":"30","event":"{\"ts\": 1785672221, \"camera_id\": 30, \"camera\": \"Simpang DPRD Arah Kota\", \"total_vehicles\": 0, \"per_lane\": {}, \"crossings\": {\"kota\": 2}}"}
{"ts":1785672223.66,"level":"INFO","logger":"flowsense","msg":"record","camera_id":"30","event":"{\"ts\": 1785672223, \"camera_id\": 30, \"camera\": \"Simpang DPRD Arah Kota\", \"total_vehicles\": 0, \"per_lane\": {}, \"crossings\": {\"kota\": 2}}"}
{"ts":1785672225.678,"level":"INFO","logger":"flowsense","msg":"record","camera_id":"30","event":"{\"ts\": 1785672225, \"camera_id\": 30, \"camera\": \"Simpang DPRD Arah Kota\", \"total_vehicles\": 0, \"per_lane\": {}, \"crossings\": {\"kota\": 2}}"}
{"ts":1785672227.705,"level":"INFO","logger":"flowsense","msg":"record","camera_id":"30","event":"{\"ts\": 1785672227, \"camera_id\": 30, \"camera\": \"Simpang DPRD Arah Kota\", \"total_vehicles\": 1, \"per_lane\": {}, \"crossings\": {\"kota\": 2}}"}
{"ts":1785672229.709,"level":"INFO","logger":"flowsense","msg":"record","camera_id":"30","event":"{\"ts\": 1785672229, \"camera_id\": 30, \"camera\": \"Simpang DPRD Arah Kota\", \"total_vehicles\": 1, \"per_lane\": {}, \"crossings\": {\"kota\": 2}}"}
{"ts":1785672231.726,"level":"INFO","logger":"flowsense","msg":"record","camera_id":"30","event":"{\"ts\": 1785672231, \"camera_id\": 30, \"camera\": \"Simpang DPRD Arah Kota\", \"total_vehicles\": 1, \"per_lane\": {}, \"crossings\": {\"kota\": 2}}"}
{"ts":1785672233.728,"level":"INFO","logger":"flowsense","msg":"record","camera_id":"30","event":"{\"ts\": 1785672233, \"camera_id\": 30, \"camera\": \"Simpang DPRD Arah Kota\", \"total_vehicles\": 1, \"per_lane\": {}, \"crossings\": {\"kota\": 2}}"}
{"ts":1785672235.767,"level":"INFO","logger":"flowsense","msg":"record","camera_id":"30","event":"{\"ts\": 1785672235, \"camera_id\": 30, \"camera\": \"Simpang DPRD Arah Kota\", \"total_vehicles\": 0, \"per_lane\": {}, \"crossings\": {\"kota\": 2}}"}
{"ts":1785672237.786,"level":"INFO","logger":"flowsense","msg":"record","camera_id":"30","event":"{\"ts\": 1785672237, \"camera_id\": 30, \"camera\": \"Simpang DPRD Arah Kota\", \"total_vehicles\": 0, \"per_lane\": {}, \"crossings\": {\"kota\": 2}}"}
{"ts":1785672239.805,"level":"INFO","logger":"flowsense","msg":"record","camera_id":"30","event":"{\"ts\": 1785672239, \"camera_id\": 30, \"camera\": \"Simpang DPRD Arah Kota\", \"total_vehicles\": 0, \"per_lane\": {}, \"crossings\": {\"kota\": 2}}"}
{"ts":1785672241.868,"level":"INFO","logger":"flowsense","msg":"record","camera_id":"30","event":"{\"ts\": 1785672241, \"camera_id\": 30, \"camera\": \"Simpang DPRD Arah Kota\", \"total_vehicles\": 0, \"per_lane\": {}, \"crossings\": {\"kota\": 2}}"}
{"ts":1785672243.872,"level":"INFO","logger":"flowsense","msg":"record","camera_id":"30","event":"{\"ts\": 1785672243, \"camera_id\": 30, \"camera\": \"Simpang DPRD Arah Kota\", \"total_vehicles\": 0, \"per_lane\": {}, \"crossings\": {\"kota\": 2}}"}
{"ts":1785672245.883,"level":"INFO","logger":"flowsense","msg":"record","camera_id":"30","event":"{\"ts\": 1785672245, \"camera_id\": 30, \"camera\": \"Simpang DPRD Arah Kota\", \"total_vehicles\": 1, \"per_lane\": {}, \"crossings\": {\"kota\": 2}}"}
{"ts":1785672247.94,"level":"INFO","logger":"flowsense","msg":"record","camera_id":"30","event":"{\"ts\": 1785672247, \"camera_id\": 30, \"camera\": \"Simpang DPRD Arah Kota\", \"total_vehicles\": 0, \"per_lane\": {}, \"crossings\": {\"kota\": 2}}"}
{"ts":1785672249.945,"level":"INFO","logger":"flowsense","msg":"record","camera_id":"30","event":"{\"ts\": 1785672249, \"camera_id\": 30, \"camera\": \"Simpang DPRD Arah Kota\", \"total_vehicles\": 0, \"per_lane\": {}, \"crossings\": {\"kota\": 2}}"}
{"ts":1785672251.986,"level":"INFO","logger":"flowsense","msg":"record","camera_id":"30","event":"{\"ts\": 1785672251, \"camera_id\": 30, \"camera\": \"Simpang DPRD Arah Kota\", \"total_vehicles\": 1, \"per_lane\": {}, \"crossings\": {\"kota\": 2}}"}
{"ts":1785672254.031,"level":"INFO","logger":"flowsense","msg":"record","camera_id":"30","event":"{\"ts\": 1785672253, \"camera_id\": 30, \"camera\": \"Simpang DPRD Arah Kota\", \"total_vehicles\": 2, \"per_lane\": {}, \"crossings\": {\"kota\": 2}}"}
{"ts":1785672256.075,"level":"INFO","logger":"flowsense","msg":"record","camera_id":"30","event":"{\"ts\": 1785672256, \"camera_id\": 30, \"camera\": \"Simpang DPRD Arah Kota\", \"total_vehicles\": 1, \"per_lane\": {}, \"crossings\": {\"kota\": 2}}"}
{"ts":1785672258.094,"level":"INFO","logger":"flowsense","msg":"record","camera_id":"30","event":"{\"ts\": 1785672258, \"camera_id\": 30, \"camera\": \"Simpang DPRD Arah Kota\", \"total_vehicles\": 1, \"per_lane\": {}, \"crossings\": {\"kota\": 2}}"}
{"ts":1785672260.15,"level":"INFO","logger":"flowsense","msg":"record","camera_id":"30","event":"{\"ts\": 1785672260, \"camera_id\": 30, \"camera\": \"Simpang DPRD Arah Kota\", \"total_vehicles\": 2, \"per_lane\": {}, \"crossings\": {\"kota\": 2}}"}
{"ts":1785672262.154,"level":"INFO","logger":"flowsense","msg":"record","camera_id":"30","event":"{\"ts\": 1785672262, \"camera_id\": 30, \"camera\": \"Simpang DPRD Arah Kota\", \"total_vehicles\": 1, \"per_lane\": {}, \"crossings\": {\"kota\": 2}}"}
{"ts":1785672264.199,"level":"INFO","logger":"flowsense","msg":"record","camera_id":"30","event":"{\"ts\": 1785672264, \"camera_id\": 30, \"camera\": \"Simpang DPRD Arah Kota\", \"total_vehicles\": 1, \"per_lane\": {}, \"crossings\": {\"kota\": 2}}"}
{"ts":1785672266.245,"level":"INFO","logger":"flowsense","msg":"record","camera_id":"30","event":"{\"ts\": 1785672266, \"camera_id\": 30, \"camera\": \"Simpang DPRD Arah Kota\", \"total_vehicles\": 3, \"per_lane\": {}, \"crossings\": {\"kota\": 2}}"}
{"ts":1785672268.241,"level":"INFO","logger":"flowsense","msg":"record","camera_id":"30","event":"{\"ts\": 1785672268, \"camera_id\": 30, \"camera\": \"Simpang DPRD Arah Kota\", \"total_vehicles\": 3, \"per_lane\": {}, \"crossings\": {\"kota\": 2}}"}
{"ts":1785672270.335,"level":"INFO","logger":"flowsense","msg":"record","camera_id":"30","event":"{\"ts\": 1785672270, \"camera_id\": 30, \"camera\": \"Simpang DPRD Arah Kota\", \"total_vehicles\": 1, \"per_lane\": {}, \"crossings\": {\"kota\": 2}}"}
{"ts":1785672272.341,"level":"INFO","logger":"flowsense","msg":"record","camera_id":"30","event":"{\"ts\": 1785672272, \"camera_id\": 30, \"camera\": \"Simpang DPRD Arah Kota\", \"total_vehicles\": 2, \"per_lane\": {}, \"crossings\": {\"kota\": 2}}"}
{"ts":1785672274.377,"level":"INFO","logger":"flowsense","msg":"record","camera_id":"30","event":"{\"ts\": 1785672274, \"camera_id\": 30, \"camera\": \"Simpang DPRD Arah Kota\", \"total_vehicles\": 3, \"per_lane\": {}, \"crossings\": {\"kota\": 2}}"}
{"ts":1785672276.407,"level":"INFO","logger":"flowsense","msg":"record","camera_id":"30","event":"{\"ts\": 1785672276, \"camera_id\": 30, \"camera\": \"Simpang DPRD Arah Kota\", \"total_vehicles\": 2, \"per_lane\": {}, \"crossings\": {\"kota\": 2}}"}
{"ts":1785672278.437,"level":"INFO","logger":"flowsense","msg":"record","camera_id":"30","event":"{\"ts\": 1785672278, \"camera_id\": 30, \"camera\": \"Simpang DPRD Arah Kota\", \"total_vehicles\": 1, \"per_lane\": {}, \"crossings\": {\"kota\": 2}}"}
{"ts":1785672280.477,"level":"INFO","logger":"flowsense","msg":"record","camera_id":"30","event":"{\"ts\": 1785672280, \"camera_id\": 30, \"camera\": \"Simpang DPRD Arah Kota\", \"total_vehicles\": 2, \"per_lane\": {}, \"crossings\": {\"kota\": 2}}"}
{"ts":1785672282.477,"level":"INFO","logger":"flowsense","msg":"record","camera_id":"30","event":"{\"ts\": 1785672282, \"camera_id\": 30, \"camera\": \"Simpang DPRD Arah Kota\", \"total_vehicles\": 1, \"per_lane\": {}, \"crossings\": {\"kota\": 2}}"}
{"ts":1785672284.523,"level":"INFO","logger":"flowsense","msg":"record","camera_id":"30","event":"{\"ts\": 1785672284, \"camera_id\": 30, \"camera\": \"Simpang DPRD Arah Kota\", \"total_vehicles\": 1, \"per_lane\": {}, \"crossings\": {\"kota\": 2}}"}
{"ts":1785672286.547,"level":"INFO","logger":"flowsense","msg":"record","camera_id":"30","event":"{\"ts\": 1785672286, \"camera_id\": 30, \"camera\": \"Simpang DPRD Arah Kota\", \"total_vehicles\": 0, \"per_lane\": {}, \"crossings\": {\"kota\": 2}}"}
{"ts":1785672288.638,"level":"INFO","logger":"flowsense","msg":"record","camera_id":"30","event":"{\"ts\": 1785672288, \"camera_id\": 30, \"camera\": \"Simpang DPRD Arah Kota\", \"total_vehicles\": 0, \"per_lane\": {}, \"crossings\": {\"kota\": 2}}"}
{"ts":1785672290.703,"level":"INFO","logger":"flowsense","msg":"record","camera_id":"30","event":"{\"ts\": 1785672290, \"camera_id\": 30, \"camera\": \"Simpang DPRD Arah Kota\", \"total_vehicles\": 0, \"per_lane\": {}, \"crossings\": {\"kota\": 2}}"}
{"ts":1785672292.741,"level":"INFO","logger":"flowsense","msg":"record","camera_id":"30","event":"{\"ts\": 1785672292, \"camera_id\": 30, \"camera\": \"Simpang DPRD Arah Kota\", \"total_vehicles\": 0, \"per_lane\": {}, \"crossings\": {\"kota\": 2}}"}
{"ts":1785672294.784,"level":"INFO","logger":"flowsense","msg":"record","camera_id":"30","event":"{\"ts\": 1785672294, \"camera_id\": 30, \"camera\": \"Simpang DPRD Arah Kota\", \"total_vehicles\": 1, \"per_lane\": {}, \"crossings\": {\"kota\": 2}}"}
{"ts":1785672296.827,"level":"INFO","logger":"flowsense","msg":"record","camera_id":"30","event":"{\"ts\": 1785672296, \"camera_id\": 30, \"camera\": \"Simpang DPRD Arah Kota\", \"total_vehicles\": 0, \"per_lane\": {}, \"crossings\": {\"kota\": 2}}"}
{"ts":1785672298.817,"level":"INFO","logger":"flowsense","msg":"record","camera_id":"30","event":"{\"ts\": 1785672298, \"camera_id\": 30, \"camera\": \"Simpang DPRD Arah Kota\", \"total_vehicles\": 0, \"per_lane\": {}, \"crossings\": {\"kota\": 2}}"}
{"ts":1785672300.86,"level":"INFO","logger":"flowsense","msg":"record","camera_id":"30","event":"{\"ts\": 1785672300, \"camera_id\": 30, \"camera\": \"Simpang DPRD Arah Kota\", \"total_vehicles\": 0, \"per_lane\": {}, \"crossings\": {\"kota\": 2}}"}
{"ts":1785672302.936,"level":"INFO","logger":"flowsense","msg":"record","camera_id":"30","event":"{\"ts\": 1785672302, \"camera_id\": 30, \"camera\": \"Simpang DPRD Arah Kota\", \"total_vehicles\": 0, \"per_lane\": {}, \"crossings\": {\"kota\": 2}}"}
{"ts":1785672304.962,"level":"INFO","logger":"flowsense","msg":"record","camera_id":"30","event":"{\"ts\": 1785672304, \"camera_id\": 30, \"camera\": \"Simpang DPRD Arah Kota\", \"total_vehicles\": 0, \"per_lane\": {}, \"crossings\": {\"kota\": 2}}"}
{"ts":1785672306.989,"level":"INFO","logger":"flowsense","msg":"record","camera_id":"30","event":"{\"ts\": 1785672306, \"camera_id\": 30, \"camera\": \"Simpang DPRD Arah Kota\", \"total_vehicles\": 1, \"per_lane\": {}, \"crossings\": {\"kota\": 2}}"}
{"ts":1785672309.066,"level":"INFO","logger":"flowsense","msg":"record","camera_id":"30","event":"{\"ts\": 1785672309, \"camera_id\": 30, \"camera\": \"Simpang DPRD Arah Kota\", \"total_vehicles\": 1, \"per_lane\": {}, \"crossings\": {\"kota\": 2}}"}
{"ts":1785672311.059,"level":"INFO","logger":"flowsense","msg":"record","camera_id":"30","event":"{\"ts\": 1785672311, \"camera_id\": 30, \"camera\": \"Simpang DPRD Arah Kota\", \"total_vehicles\": 1, \"per_lane\": {}, \"crossings\": {\"kota\": 2}}"}
{"ts":1785672313.097,"level":"INFO","logger":"flowsense","msg":"record","camera_id":"30","event":"{\"ts\": 1785672313, \"camera_id\": 30, \"camera\": \"Simpang DPRD Arah Kota\", \"total_vehicles\": 1, \"per_lane\": {}, \"crossings\": {\"kota\": 2}}"}
{"ts":1785672315.094,"level":"INFO","logger":"flowsense","msg":"record","camera_id":"30","event":"{\"ts\": 1785672315, \"camera_id\": 30, \"camera\": \"Simpang DPRD Arah Kota\", \"total_vehicles\": 1, \"per_lane\": {}, \"crossings\": {\"kota\": 2}}"}
{"ts":1785672317.1,"level":"INFO","logger":"flowsense","msg":"record","camera_id":"30","event":"{\"ts\": 1785672317, \"camera_id\": 30, \"camera\": \"Simpang DPRD Arah Kota\", \"total_vehicles\": 1, \"per_lane\": {}, \"crossings\": {\"kota\": 2}}"}
{"ts":1785672319.151,"level":"INFO","logger":"flowsense","msg":"record","camera_id":"30","event":"{\"ts\": 1785672319, \"camera_id\": 30, \"camera\": \"Simpang DPRD Arah Kota\", \"total_vehicles\": 0, \"per_lane\": {}, \"crossings\": {\"kota\": 2}}"}
{"ts":1785672321.14,"level":"INFO","logger":"flowsense","msg":"record","camera_id":"30","event":"{\"ts\": 1785672321, \"camera_id\": 30, \"camera\": \"Simpang DPRD Arah Kota\", \"total_vehicles\": 1, \"per_lane\": {}, \"crossings\": {\"kota\": 2}}"}
{"ts":1785672323.174,"level":"INFO","logger":"flowsense","msg":"record","camera_id":"30","event":"{\"ts\": 1785672323, \"camera_id\": 30, \"camera\": \"Simpang DPRD Arah Kota\", \"total_vehicles\": 1, \"per_lane\": {}, \"crossings\": {\"kota\": 2}}"}
{"ts":1785672325.204,"level":"INFO","logger":"flowsense","msg":"record","camera_id":"30","event":"{\"ts\": 1785672325, \"camera_id\": 30, \"camera\": \"Simpang DPRD Arah Kota\", \"total_vehicles\": 1, \"per_lane\": {}, \"crossings\": {\"kota\": 2}}"}
{"ts":1785672327.271,"level":"INFO","logger":"flowsense","msg":"record","camera_id":"30","event":"{\"ts\": 1785672327, \"camera_id\": 30, \"camera\": \"Simpang DPRD Arah Kota\", \"total_vehicles\": 1, \"per_lane\": {}, \"crossings\": {\"kota\": 2}}"}
{"ts":1785672329.299,"level":"INFO","logger":"flowsense","msg":"record","camera_id":"30","event":"{\"ts\": 1785672329, \"camera_id\": 30, \"camera\": \"Simpang DPRD Arah Kota\", \"total_vehicles\": 1, \"per_lane\": {}, \"crossings\": {\"kota\": 2}}"}
{"ts":1785672331.316,"level":"INFO","logger":"flowsense","msg":"record","camera_id":"30","event":"{\"ts\": 1785672331, \"camera_id\": 30, \"camera\": \"Simpang DPRD Arah Kota\", \"total_vehicles\": 1, \"per_lane\": {}, \"crossings\": {\"kota\": 2}}"}
{"ts":1785672333.357,"level":"INFO","logger":"flowsense","msg":"record","camera_id":"30","event":"{\"ts\": 1785672333, \"camera_id\": 30, \"camera\": \"Simpang DPRD Arah Kota\", \"total_vehicles\": 1, \"per_lane\": {}, \"crossings\": {\"kota\": 2}}"}
{"ts":1785672335.402,"level":"INFO","logger":"flowsense","msg":"record","camera_id":"30","event":"{\"ts\": 1785672335, \"camera_id\": 30, \"camera\": \"Simpang DPRD Arah Kota\", \"total_vehicles\": 1, \"per_lane\": {}, \"crossings\": {\"kota\": 2}}"}
{"ts":1785672337.412,"level":"INFO","logger":"flowsense","msg":"record","camera_id":"30","event":"{\"ts\": 1785672337, \"camera_id\": 30, \"camera\": \"Simpang DPRD Arah Kota\", \"total_vehicles\": 1, \"per_lane\": {}, \"crossings\": {\"kota\": 2}}"}
{"ts":1785672339.453,"level":"INFO","logger":"flowsense","msg":"record","camera_id":"30","event":"{\"ts\": 1785672339, \"camera_id\": 30, \"camera\": \"Simpang DPRD Arah Kota\", \"total_vehicles\": 1, \"per_lane\": {}, \"crossings\": {\"kota\": 2}}"}
{"ts":1785672341.486,"level":"INFO","logger":"flowsense","msg":"record","camera_id":"30","event":"{\"ts\": 1785672341, \"camera_id\": 30, \"camera\": \"Simpang DPRD Arah Kota\", \"total_vehicles\": 1, \"per_lane\": {}, \"crossings\": {\"kota\": 2}}"}
{"ts":1785672343.516,"level":"INFO","logger":"flowsense","msg":"record","camera_id":"30","event":"{\"ts\": 1785672343, \"camera_id\": 30, \"camera\": \"Simpang DPRD Arah Kota\", \"total_vehicles\": 1, \"per_lane\": {}, \"crossings\": {\"kota\": 2}}"}
{"ts":1785672345.526,"level":"INFO","logger":"flowsense","msg":"record","camera_id":"30","event":"{\"ts\": 1785672345, \"camera_id\": 30, \"camera\": \"Simpang DPRD Arah Kota\", \"total_vehicles\": 1, \"per_lane\": {}, \"crossings\": {\"kota\": 2}}"}
{"ts":1785672347.547,"level":"INFO","logger":"flowsense","msg":"record","camera_id":"30","event":"{\"ts\": 1785672347, \"camera_id\": 30, \"camera\": \"Simpang DPRD Arah Kota\", \"total_vehicles\": 1, \"per_lane\": {}, \"crossings\": {\"kota\": 2}}"}
{"ts":1785672349.595,"level":"INFO","logger":"flowsense","msg":"record","camera_id":"30","event":"{\"ts\": 1785672349, \"camera_id\": 30, \"camera\": \"Simpang DPRD Arah Kota\", \"total_vehicles\": 1, \"per_lane\": {}, \"crossings\": {\"kota\": 2}}"}
{"ts":1785672351.639,"level":"INFO","logger":"flowsense","msg":"record","camera_id":"30","event":"{\"ts\": 1785672351, \"camera_id\": 30, \"camera\": \"Simpang DPRD Arah Kota\", \"total_vehicles\": 1, \"per_lane\": {}, \"crossings\": {\"kota\": 2}}"}
{"ts":1785672353.685,"level":"INFO","logger":"flowsense","msg":"record","camera_id":"30","event":"{\"ts\": 1785672353, \"camera_id\": 30, \"camera\": \"Simpang DPRD Arah Kota\", \"total_vehicles\": 1, \"per_lane\": {}, \"crossings\": {\"kota\": 2}}"}
{"ts":1785672355.737,"level":"INFO","logger":"flowsense","msg":"record","camera_id":"30","event":"{\"ts\": 1785672355, \"camera_id\": 30, \"camera\": \"Simpang DPRD Arah Kota\", \"total_vehicles\": 3, \"per_lane\": {}, \"crossings\": {\"kota\": 2}}"}
{"ts":1785672357.776,"level":"INFO","logger":"flowsense","msg":"record","camera_id":"30","event":"{\"ts\": 1785672357, \"camera_id\": 30, \"camera\": \"Simpang DPRD Arah Kota\", \"total_vehicles\": 1, \"per_lane\": {}, \"crossings\": {\"kota\": 2}}"}
{"ts":1785672359.794,"level":"INFO","logger":"flowsense","msg":"record","camera_id":"30","event":"{\"ts\": 1785672359, \"camera_id\": 30, \"camera\": \"Simpang DPRD Arah Kota\", \"total_vehicles\": 2, \"per_lane\": {}, \"crossings\": {\"kota\": 2}}"}
{"ts":1785672361.864,"level":"INFO","logger":"flowsense","msg":"record","camera_id":"30","event":"{\"ts\": 1785672361, \"camera_id\": 30, \"camera\": \"Simpang DPRD Arah Kota\", \"total_vehicles\": 1, \"per_lane\": {}, \"crossings\": {\"kota\": 2}}"}
{"ts":1785672363.865,"level":"INFO","logger":"flowsense","msg":"record","camera_id":"30","event":"{\"ts\": 1785672363, \"camera_id\": 30, \"camera\": \"Simpang DPRD Arah Kota\", \"total_vehicles\": 2, \"per_lane\": {}, \"crossings\": {\"kota\": 2}}"}
{"ts":1785672365.899,"level":"INFO","logger":"flowsense","msg":"record","camera_id":"30","event":"{\"ts\": 1785672365, \"camera_id\": 30, \"camera\": \"Simpang DPRD Arah Kota\", \"total_vehicles\": 1, \"per_lane\": {}, \"crossings\": {\"kota\": 2}}"}
{"ts":1785672367.9,"level":"INFO","logger":"flowsense","msg":"record","camera_id":"30","event":"{\"ts\": 1785672367, \"camera_id\": 30, \"camera\": \"Simpang DPRD Arah Kota\", \"total_vehicles\": 1, \"per_lane\": {}, \"crossings\": {\"kota\": 2}}"}
{"ts":1785672369.921,"level":"INFO","logger":"flowsense","msg":"record","camera_id":"30","event":"{\"ts\": 1785672369, \"camera_id\": 30, \"camera\": \"Simpang DPRD Arah Kota\", \"total_vehicles\": 4, \"per_lane\": {}, \"crossings\": {\"kota\": 2}}"}
{"ts":1785672371.967,"level":"INFO","logger":"flowsense","msg":"record","camera_id":"30","event":"{\"ts\": 1785672371, \"camera_id\": 30, \"camera\": \"Simpang DPRD Arah Kota\", \"total_vehicles\": 1, \"per_lane\": {}, \"crossings\": {\"kota\": 2}}"}
{"ts":1785672373.97,"level":"INFO","logger":"flowsense","msg":"record","camera_id":"30","event":"{\"ts\": 1785672373, \"camera_id\": 30, \"camera\": \"Simpang DPRD Arah Kota\", \"total_vehicles\": 1, \"per_lane\": {}, \"crossings\": {\"kota\": 2}}"}
{"ts":1785672375.977,"level":"INFO","logger":"flowsense","msg":"record","camera_id":"30","event":"{\"ts\": 1785672375, \"camera_id\": 30, \"camera\": \"Simpang DPRD Arah Kota\", \"total_vehicles\": 2, \"per_lane\": {}, \"crossings\": {\"kota\": 2}}"}
{"ts":1785672378.016,"level":"INFO","logger":"flowsense","msg":"record","camera_id":"30","event":"{\"ts\": 1785672377, \"camera_id\": 30, \"camera\": \"Simpang DPRD Arah Kota\", \"total_vehicles\": 2, \"per_lane\": {}, \"crossings\": {\"kota\": 2}}"}
{"ts":1785672380.016,"level":"INFO","logger":"flowsense","msg":"record","camera_id":"30","event":"{\"ts\": 1785672379, \"camera_id\": 30, \"camera\": \"Simpang DPRD Arah Kota\", \"total_vehicles\": 1, \"per_lane\": {}, \"crossings\": {\"kota\": 2}}"}
{"ts":1785672382.018,"level":"INFO","logger":"flowsense","msg":"record","camera_id":"30","event":"{\"ts\": 1785672381, \"camera_id\": 30, \"camera\": \"Simpang DPRD Arah Kota\", \"total_vehicles\": 2, \"per_lane\": {}, \"crossings\": {\"kota\": 2}}"}
{"ts":1785672384.034,"level":"INFO","logger":"flowsense","msg":"record","camera_id":"30","event":"{\"ts\": 1785672383, \"camera_id\": 30, \"camera\": \"Simpang DPRD Arah Kota\", \"total_vehicles\": 1, \"per_lane\": {}, \"crossings\": {\"kota\": 2}}"}
{"ts":1785672386.071,"level":"INFO","logger":"flowsense","msg":"record","camera_id":"30","event":"{\"ts\": 1785672386, \"camera_id\": 30, \"camera\": \"Simpang DPRD Arah Kota\", \"total_vehicles\": 0, \"per_lane\": {}, \"crossings\": {\"kota\": 2}}"}
{"ts":1785672388.119,"level":"INFO","logger":"flowsense","msg":"record","camera_id":"30","event":"{\"ts\": 1785672388, \"camera_id\": 30, \"camera\": \"Simpang DPRD Arah Kota\", \"total_vehicles\": 0, \"per_lane\": {}, \"crossings\": {\"kota\": 2}}"}
{"ts":1785672390.158,"level":"INFO","logger":"flowsense","msg":"record","camera_id":"30","event":"{\"ts\": 1785672390, \"camera_id\": 30, \"camera\": \"Simpang DPRD Arah Kota\", \"total_vehicles\": 0, \"per_lane\": {}, \"crossings\": {\"kota\": 2}}"}
{"ts":1785672392.223,"level":"INFO","logger":"flowsense","msg":"record","camera_id":"30","event":"{\"ts\": 1785672392, \"camera_id\": 30, \"camera\": \"Simpang DPRD Arah Kota\", \"total_vehicles\": 0, \"per_lane\": {}, \"crossings\": {\"kota\": 2}}"}
{"ts":1785672394.251,"level":"INFO","logger":"flowsense","msg":"record","camera_id":"30","event":"{\"ts\": 1785672394, \"camera_id\": 30, \"camera\": \"Simpang DPRD Arah Kota\", \"total_vehicles\": 0, \"per_lane\": {}, \"crossings\": {\"kota\": 2}}"}
{"ts":1785672396.287,"level":"INFO","logger":"flowsense","msg":"record","camera_id":"30","event":"{\"ts\": 1785672396, \"camera_id\": 30, \"camera\": \"Simpang DPRD Arah Kota\", \"total_vehicles\": 0, \"per_lane\": {}, \"crossings\": {\"kota\": 2}}"}
{"ts":1785672398.325,"level":"INFO","logger":"flowsense","msg":"record","camera_id":"30","event":"{\"ts\": 1785672398, \"camera_id\": 30, \"camera\": \"Simpang DPRD Arah Kota\", \"total_vehicles\": 0, \"per_lane\": {}, \"crossings\": {\"kota\": 2}}"}
{"ts":1785672400.357,"level":"INFO","logger":"flowsense","msg":"record","camera_id":"30","event":"{\"ts\": 1785672400, \"camera_id\": 30, \"camera\": \"Simpang DPRD Arah Kota\", \"total_vehicles\": 0, \"per_lane\": {}, \"crossings\": {\"kota\": 2}}"}
{"ts":1785672402.413,"level":"INFO","logger":"flowsense","msg":"record","camera_id":"30","event":"{\"ts\": 1785672402, \"camera_id\": 30, \"camera\": \"Simpang DPRD Arah Kota\", \"total_vehicles\": 1, \"per_lane\": {}, \"crossings\": {\"kota\": 2}}"}
{"ts":1785672404.448,"level":"INFO","logger":"flowsense","msg":"record","camera_id":"30","event":"{\"ts\": 1785672404, \"camera_id\": 30, \"camera\": \"Simpang DPRD Arah Kota\", \"total_vehicles\": 1, \"per_lane\": {}, \"crossings\": {\"kota\": 2}}"}
{"ts":1785672406.511,"level":"INFO","logger":"flowsense","msg":"record","camera_id":"30","event":"{\"ts\": 1785672406, \"camera_id\": 30, \"camera\": \"Simpang DPRD Arah Kota\", \"total_vehicles\": 1, \"per_lane\": {}, \"crossings\": {\"kota\": 2}}"}
{"ts":1785672408.529,"level":"INFO","logger":"flowsense","msg":"record","camera_id":"30","event":"{\"ts\": 1785672408, \"camera_id\": 30, \"camera\": \"Simpang DPRD Arah Kota\", \"total_vehicles\": 0, \"per_lane\": {}, \"crossings\": {\"kota\": 2}}"}
{"ts":1785672410.591,"level":"INFO","logger":"flowsense","msg":"record","camera_id":"30","event":"{\"ts\": 1785672410, \"camera_id\": 30, \"camera\": \"Simpang DPRD Arah Kota\", \"total_vehicles\": 0, \"per_lane\": {}, \"crossings\": {\"kota\": 2}}"}
{"ts":1785672412.636,"level":"INFO","logger":"flowsense","msg":"record","camera_id":"30","event":"{\"ts\": 1785672412, \"camera_id\": 30, \"camera\": \"Simpang DPRD Arah Kota\", \"total_vehicles\": 0, \"per_lane\": {}, \"crossings\": {\"kota\": 2}}"}
{"ts":1785672414.669,"level":"INFO","logger":"flowsense","msg":"record","camera_id":"30","event":"{\"ts\": 1785672414, \"camera_id\": 30, \"camera\": \"Simpang DPRD Arah Kota\", \"total_vehicles\": 0, \"per_lane\": {}, \"crossings\": {\"kota\": 2}}"}
{"ts":1785672416.702,"level":"INFO","logger":"flowsense","msg":"record","camera_id":"30","event":"{\"ts\": 1785672416, \"camera_id\": 30, \"camera\": \"Simpang DPRD Arah Kota\", \"total_vehicles\": 0, \"per_lane\": {}, \"crossings\": {\"kota\": 2}}"}
{"ts":1785672418.716,"level":"INFO","logger":"flowsense","msg":"record","camera_id":"30","event":"{\"ts\": 1785672418, \"camera_id\": 30, \"camera\": \"Simpang DPRD Arah Kota\", \"total_vehicles\": 0, \"per_lane\": {}, \"crossings\": {\"kota\": 2}}"}
{"ts":1785672420.758,"level":"INFO","logger":"flowsense","msg":"record","camera_id":"30","event":"{\"ts\": 1785672420, \"camera_id\": 30, \"camera\": \"Simpang DPRD Arah Kota\", \"total_vehicles\": 0, \"per_lane\": {}, \"crossings\": {\"kota\": 2}}"}
{"ts":1785672422.793,"level":"INFO","logger":"flowsense","msg":"record","camera_id":"30","event":"{\"ts\": 1785672422, \"camera_id\": 30, \"camera\": \"Simpang DPRD Arah Kota\", \"total_vehicles\": 0, \"per_lane\": {}, \"crossings\": {\"kota\": 2}}"}
{"ts":1785672424.836,"level":"INFO","logger":"flowsense","msg":"record","camera_id":"30","event":"{\"ts\": 1785672424, \"camera_id\": 30, \"camera\": \"Simpang DPRD Arah Kota\", \"total_vehicles\": 0, \"per_lane\": {}, \"crossings\": {\"kota\": 2}}"}
{"ts":1785672426.843,"level":"INFO","logger":"flowsense","msg":"record","camera_id":"30","event":"{\"ts\": 1785672426, \"camera_id\": 30, \"camera\": \"Simpang DPRD Arah Kota\", \"total_vehicles\": 0, \"per_lane\": {}, \"crossings\": {\"kota\": 2}}"}
{"ts":1785672428.867,"level":"INFO","logger":"flowsense","msg":"record","camera_id":"30","event":"{\"ts\": 1785672428, \"camera_id\": 30, \"camera\": \"Simpang DPRD Arah Kota\", \"total_vehicles\": 1, \"per_lane\": {}, \"crossings\": {\"kota\": 2}}"}
{"ts":1785672430.916,"level":"INFO","logger":"flowsense","msg":"record","camera_id":"30","event":"{\"ts\": 1785672430, \"camera_id\": 30, \"camera\": \"Simpang DPRD Arah Kota\", \"total_vehicles\": 1, \"per_lane\": {}, \"crossings\": {\"kota\": 2}}"}
{"ts":1785672432.933,"level":"INFO","logger":"flowsense","msg":"record","camera_id":"30","event":"{\"ts\": 1785672432, \"camera_id\": 30, \"camera\": \"Simpang DPRD Arah Kota\", \"total_vehicles\": 0, \"per_lane\": {}, \"crossings\": {\"kota\": 2}}"}
{"ts":1785672434.981,"level":"INFO","logger":"flowsense","msg":"record","camera_id":"30","event":"{\"ts\": 1785672434, \"camera_id\": 30, \"camera\": \"Simpang DPRD Arah Kota\", \"total_vehicles\": 0, \"per_lane\": {}, \"crossings\": {\"kota\": 2}}"}
{"ts":1785672437.001,"level":"INFO","logger":"flowsense","msg":"record","camera_id":"30","event":"{\"ts\": 1785672436, \"camera_id\": 30, \"camera\": \"Simpang DPRD Arah Kota\", \"total_vehicles\": 0, \"per_lane\": {}, \"crossings\": {\"kota\": 2}}"}
{"ts":1785672439.007,"level":"INFO","logger":"flowsense","msg":"record","camera_id":"30","event":"{\"ts\": 1785672438, \"camera_id\": 30, \"camera\": \"Simpang DPRD Arah Kota\", \"total_vehicles\": 0, \"per_lane\": {}, \"crossings\": {\"kota\": 2}}"}
{"ts":1785672441.012,"level":"INFO","logger":"flowsense","msg":"record","camera_id":"30","event":"{\"ts\": 1785672440, \"camera_id\": 30, \"camera\": \"Simpang DPRD Arah Kota\", \"total_vehicles\": 0, \"per_lane\": {}, \"crossings\": {\"kota\": 2}}"}
{"ts":1785672443.024,"level":"INFO","logger":"flowsense","msg":"record","camera_id":"30","event":"{\"ts\": 1785672442, \"camera_id\": 30, \"camera\": \"Simpang DPRD Arah Kota\", \"total_vehicles\": 0, \"per_lane\": {}, \"crossings\": {\"kota\": 2}}"}
{"ts":1785672445.056,"level":"INFO","logger":"flowsense","msg":"record","camera_id":"30","event":"{\"ts\": 1785672444, \"camera_id\": 30, \"camera\": \"Simpang DPRD Arah Kota\", \"total_vehicles\": 0, \"per_lane\": {}, \"crossings\": {\"kota\": 2}}"}
{"ts":1785672447.081,"level":"INFO","logger":"flowsense","msg":"record","camera_id":"30","event":"{\"ts\": 1785672447, \"camera_id\": 30, \"camera\": \"Simpang DPRD Arah Kota\", \"total_vehicles\": 1, \"per_lane\": {}, \"crossings\": {\"kota\": 2}}"}
{"ts":1785672449.112,"level":"INFO","logger":"flowsense","msg":"record","camera_id":"30","event":"{\"ts\": 1785672449, \"camera_id\": 30, \"camera\": \"Simpang DPRD Arah Kota\", \"total_vehicles\": 1, \"per_lane\": {}, \"crossings\": {\"kota\": 2}}"}
{"ts":1785672451.132,"level":"INFO","logger":"flowsense","msg":"record","camera_id":"30","event":"{\"ts\": 1785672451, \"camera_id\": 30, \"camera\": \"Simpang DPRD Arah Kota\", \"total_vehicles\": 2, \"per_lane\": {}, \"crossings\": {\"kota\": 2}}"}
{"ts":1785672453.201,"level":"INFO","logger":"flowsense","msg":"record","camera_id":"30","event":"{\"ts\": 1785672453, \"camera_id\": 30, \"camera\": \"Simpang DPRD Arah Kota\", \"total_vehicles\": 1, \"per_lane\": {}, \"crossings\": {\"kota\": 2}}"}
{"ts":1785672455.255,"level":"INFO","logger":"flowsense","msg":"record","camera_id":"30","event":"{\"ts\": 1785672455, \"camera_id\": 30, \"camera\": \"Simpang DPRD Arah Kota\", \"total_vehicles\": 1, \"per_lane\": {}, \"crossings\": {\"kota\": 2}}"}
{"ts":1785672457.258,"level":"INFO","logger":"flowsense","msg":"record","camera_id":"30","event":"{\"ts\": 1785672457, \"camera_id\": 30, \"camera\": \"Simpang DPRD Arah Kota\", \"total_vehicles\": 0, \"per_lane\": {}, \"crossings\": {\"kota\": 2}}"}
{"ts":1785672459.26,"level":"INFO","logger":"flowsense","msg":"record","camera_id":"30","event":"{\"ts\": 1785672459, \"camera_id\": 30, \"camera\": \"Simpang DPRD Arah Kota\", \"total_vehicles\": 1, \"per_lane\": {}, \"crossings\": {\"kota\": 2}}"}
{"ts":1785672461.275,"level":"INFO","logger":"flowsense","msg":"record","camera_id":"30","event":"{\"ts\": 1785672461, \"camera_id\": 30, \"camera\": \"Simpang DPRD Arah Kota\", \"total_vehicles\": 0, \"per_lane\": {}, \"crossings\": {\"kota\": 2}}"}
{"ts":1785672463.312,"level":"INFO","logger":"flowsense","msg":"record","camera_id":"30","event":"{\"ts\": 1785672463, \"camera_id\": 30, \"camera\": \"Simpang DPRD Arah Kota\", \"total_vehicles\": 1, \"per_lane\": {}, \"crossings\": {\"kota\": 2}}"}
{"ts":1785672465.393,"level":"INFO","logger":"flowsense","msg":"record","camera_id":"30","event":"{\"ts\": 1785672465, \"camera_id\": 30, \"camera\": \"Simpang DPRD Arah Kota\", \"total_vehicles\": 1, \"per_lane\": {}, \"crossings\": {\"kota\": 2}}"}
{"ts":1785672467.413,"level":"INFO","logger":"flowsense","msg":"record","camera_id":"30","event":"{\"ts\": 1785672467, \"camera_id\": 30, \"camera\": \"Simpang DPRD Arah Kota\", \"total_vehicles\": 1, \"per_lane\": {}, \"crossings\": {\"kota\": 2}}"}
{"ts":1785672469.45,"level":"INFO","logger":"flowsense","msg":"record","camera_id":"30","event":"{\"ts\": 1785672469, \"camera_id\": 30, \"camera\": \"Simpang DPRD Arah Kota\", \"total_vehicles\": 3, \"per_lane\": {}, \"crossings\": {\"kota\": 2}}"}
{"ts":1785672471.501,"level":"INFO","logger":"flowsense","msg":"record","camera_id":"30","event":"{\"ts\": 1785672471, \"camera_id\": 30, \"camera\": \"Simpang DPRD Arah Kota\", \"total_vehicles\": 2, \"per_lane\": {}, \"crossings\": {\"kota\": 2}}"}
{"ts":1785672473.528,"level":"INFO","logger":"flowsense","msg":"record","camera_id":"30","event":"{\"ts\": 1785672473, \"camera_id\": 30, \"camera\": \"Simpang DPRD Arah Kota\", \"total_vehicles\": 1, \"per_lane\": {}, \"crossings\": {\"kota\": 2}}"}
{"ts":1785672475.544,"level":"INFO","logger":"flowsense","msg":"record","camera_id":"30","event":"{\"ts\": 1785672475, \"camera_id\": 30, \"camera\": \"Simpang DPRD Arah Kota\", \"total_vehicles\": 1, \"per_lane\": {}, \"crossings\": {\"kota\": 2}}"}
{"ts":1785672477.611,"level":"INFO","logger":"flowsense","msg":"record","camera_id":"30","event":"{\"ts\": 1785672477, \"camera_id\": 30, \"camera\": \"Simpang DPRD Arah Kota\", \"total_vehicles\": 1, \"per_lane\": {}, \"crossings\": {\"kota\": 3}}"}
{"ts":1785672479.651,"level":"INFO","logger":"flowsense","msg":"record","camera_id":"30","event":"{\"ts\": 1785672479, \"camera_id\": 30, \"camera\": \"Simpang DPRD Arah Kota\", \"total_vehicles\": 0, \"per_lane\": {}, \"crossings\": {\"kota\": 3}}"}
{"ts":1785672481.696,"level":"INFO","logger":"flowsense","msg":"record","camera_id":"30","event":"{\"ts\": 1785672481, \"camera_id\": 30, \"camera\": \"Simpang DPRD Arah Kota\", \"total_vehicles\": 0, \"per_lane\": {}, \"crossings\": {\"kota\": 3}}"}
{"ts":1785672483.747,"level":"INFO","logger":"flowsense","msg":"record","camera_id":"30","event":"{\"ts\": 1785672483, \"camera_id\": 30, \"camera\": \"Simpang DPRD Arah Kota\", \"total_vehicles\": 0, \"per_lane\": {}, \"crossings\": {\"kota\": 3}}"}
{"ts":1785672485.753,"level":"INFO","logger":"flowsense","msg":"record","camera_id":"30","event":"{\"ts\": 1785672485, \"camera_id\": 30, \"camera\": \"Simpang DPRD Arah Kota\", \"total_vehicles\": 1, \"per_lane\": {}, \"crossings\": {\"kota\": 3}}"}
{"ts":1785672487.794,"level":"INFO","logger":"flowsense","msg":"record","camera_id":"30","event":"{\"ts\": 1785672487, \"camera_id\": 30, \"camera\": \"Simpang DPRD Arah Kota\", \"total_vehicles\": 1, \"per_lane\": {}, \"crossings\": {\"kota\": 3}}"}
{"ts":1785672489.792,"level":"INFO","logger":"flowsense","msg":"record","camera_id":"30","event":"{\"ts\": 1785672489, \"camera_id\": 30, \"camera\": \"Simpang DPRD Arah Kota\", \"total_vehicles\": 2, \"per_lane\": {}, \"crossings\": {\"kota\": 3}}"}
{"ts":1785672491.847,"level":"INFO","logger":"flowsense","msg":"record","camera_id":"30","event":"{\"ts\": 1785672491, \"camera_id\": 30, \"camera\": \"Simpang DPRD Arah Kota\", \"total_vehicles\": 0, \"per_lane\": {}, \"crossings\": {\"kota\": 3}}"}
{"ts":1785672493.853,"level":"INFO","logger":"flowsense","msg":"record","camera_id":"30","event":"{\"ts\": 1785672493, \"camera_id\": 30, \"camera\": \"Simpang DPRD Arah Kota\", \"total_vehicles\": 0, \"per_lane\": {}, \"crossings\": {\"kota\": 3}}"}
{"ts":1785672495.875,"level":"INFO","logger":"flowsense","msg":"record","camera_id":"30","event":"{\"ts\": 1785672495, \"camera_id\": 30, \"camera\": \"Simpang DPRD Arah Kota\", \"total_vehicles\": 0, \"per_lane\": {}, \"crossings\": {\"kota\": 3}}"}
{"ts":1785672497.886,"level":"INFO","logger":"flowsense","msg":"record","camera_id":"30","event":"{\"ts\": 1785672497, \"camera_id\": 30, \"camera\": \"Simpang DPRD Arah Kota\", \"total_vehicles\": 2, \"per_lane\": {}, \"crossings\": {\"kota\": 3}}"}
{"ts":1785672499.895,"level":"INFO","logger":"flowsense","msg":"record","camera_id":"30","event":"{\"ts\": 1785672499, \"camera_id\": 30, \"camera\": \"Simpang DPRD Arah Kota\", \"total_vehicles\": 0, \"per_lane\": {}, \"crossings\": {\"kota\": 3}}"}
{"ts":1785672501.934,"level":"INFO","logger":"flowsense","msg":"record","camera_id":"30","event":"{\"ts\": 1785672501, \"camera_id\": 30, \"camera\": \"Simpang DPRD Arah Kota\", \"total_vehicles\": 0, \"per_lane\": {}, \"crossings\": {\"kota\": 3}}"}
{"ts":1785672503.939,"level":"INFO","logger":"flowsense","msg":"record","camera_id":"30","event":"{\"ts\": 1785672503, \"camera_id\": 30, \"camera\": \"Simpang DPRD Arah Kota\", \"total_vehicles\": 0, \"per_lane\": {}, \"crossings\": {\"kota\": 3}}"}
{"ts":1785672506.001,"level":"INFO","logger":"flowsense","msg":"record","camera_id":"30","event":"{\"ts\": 1785672505, \"camera_id\": 30, \"camera\": \"Simpang DPRD Arah Kota\", \"total_vehicles\": 1, \"per_lane\": {}, \"crossings\": {\"kota\": 3}}"}
{"ts":1785672508.03,"level":"INFO","logger":"flowsense","msg":"record","camera_id":"30","event":"{\"ts\": 1785672507, \"camera_id\": 30, \"camera\": \"Simpang DPRD Arah Kota\", \"total_vehicles\": 0, \"per_lane\": {}, \"crossings\": {\"kota\": 3}}"}
{"ts":1785672510.042,"level":"INFO","logger":"flowsense","msg":"record","camera_id":"30","event":"{\"ts\": 1785672509, \"camera_id\": 30, \"camera\": \"Simpang DPRD Arah Kota\", \"total_vehicles\": 0, \"per_lane\": {}, \"crossings\": {\"kota\": 3}}"}
{"ts":1785672512.074,"level":"INFO","logger":"flowsense","msg":"record","camera_id":"30","event":"{\"ts\": 1785672512, \"camera_id\": 30, \"camera\": \"Simpang DPRD Arah Kota\", \"total_vehicles\": 0, \"per_lane\": {}, \"crossings\": {\"kota\": 3}}"}
{"ts":1785672514.121,"level":"INFO","logger":"flowsense","msg":"record","camera_id":"30","event":"{\"ts\": 1785672514, \"camera_id\": 30, \"camera\": \"Simpang DPRD Arah Kota\", \"total_vehicles\": 0, \"per_lane\": {}, \"crossings\": {\"kota\": 3}}"}
{"ts":1785672516.166,"level":"INFO","logger":"flowsense","msg":"record","camera_id":"30","event":"{\"ts\": 1785672516, \"camera_id\": 30, \"camera\": \"Simpang DPRD Arah Kota\", \"total_vehicles\": 0, \"per_lane\": {}, \"crossings\": {\"kota\": 3}}"}
{"ts":1785672518.202,"level":"INFO","logger":"flowsense","msg":"record","camera_id":"30","event":"{\"ts\": 1785672518, \"camera_id\": 30, \"camera\": \"Simpang DPRD Arah Kota\", \"total_vehicles\": 0, \"per_lane\": {}, \"crossings\": {\"kota\": 3}}"}
{"ts":1785672520.214,"level":"INFO","logger":"flowsense","msg":"record","camera_id":"30","event":"{\"ts\": 1785672520, \"camera_id\": 30, \"camera\": \"Simpang DPRD Arah Kota\", \"total_vehicles\": 0, \"per_lane\": {}, \"crossings\": {\"kota\": 3}}"}
{"ts":1785672522.214,"level":"INFO","logger":"flowsense","msg":"record","camera_id":"30","event":"{\"ts\": 1785672522, \"camera_id\": 30, \"camera\": \"Simpang DPRD Arah Kota\", \"total_vehicles\": 0, \"per_lane\": {}, \"crossings\": {\"kota\": 3}}"}
{"ts":1785672524.254,"level":"INFO","logger":"flowsense","msg":"record","camera_id":"30","event":"{\"ts\": 1785672524, \"camera_id\": 30, \"camera\": \"Simpang DPRD Arah Kota\", \"total_vehicles\": 0, \"per_lane\": {}, \"crossings\": {\"kota\": 3}}"}
{"ts":1785672526.259,"level":"INFO","logger":"flowsense","msg":"record","camera_id":"30","event":"{\"ts\": 1785672526, \"camera_id\": 30, \"camera\": \"Simpang DPRD Arah Kota\", \"total_vehicles\": 0, \"per_lane\": {}, \"crossings\": {\"kota\": 3}}"}
{"ts":1785672528.318,"level":"INFO","logger":"flowsense","msg":"record","camera_id":"30","event":"{\"ts\": 1785672528, \"camera_id\": 30, \"camera\": \"Simpang DPRD Arah Kota\", \"total_vehicles\": 1, \"per_lane\": {}, \"crossings\": {\"kota\": 3}}"}
{"ts":1785672530.319,"level":"INFO","logger":"flowsense","msg":"record","camera_id":"30","event":"{\"ts\": 1785672530, \"camera_id\": 30, \"camera\": \"Simpang DPRD Arah Kota\", \"total_vehicles\": 1, \"per_lane\": {}, \"crossings\": {\"kota\": 3}}"}
{"ts":1785672532.367,"level":"INFO","logger":"flowsense","msg":"record","camera_id":"30","event":"{\"ts\": 1785672532, \"camera_id\": 30, \"camera\": \"Simpang DPRD Arah Kota\", \"total_vehicles\": 1, \"per_lane\": {}, \"crossings\": {\"kota\": 3}}"}
{"ts":1785672534.397,"level":"INFO","logger":"flowsense","msg":"record","camera_id":"30","event":"{\"ts\": 1785672534, \"camera_id\": 30, \"camera\": \"Simpang DPRD Arah Kota\", \"total_vehicles\": 0, \"per_lane\": {}, \"crossings\": {\"kota\": 3}}"}
{"ts":1785672536.398,"level":"INFO","logger":"flowsense","msg":"record","camera_id":"30","event":"{\"ts\": 1785672536, \"camera_id\": 30, \"camera\": \"Simpang DPRD Arah Kota\", \"total_vehicles\": 1, \"per_lane\": {}, \"crossings\": {\"kota\": 3}}"}
{"ts":1785672538.423,"level":"INFO","logger":"flowsense","msg":"record","camera_id":"30","event":"{\"ts\": 1785672538, \"camera_id\": 30, \"camera\": \"Simpang DPRD Arah Kota\", \"total_vehicles\": 0, \"per_lane\": {}, \"crossings\": {\"kota\": 3}}"}
{"ts":1785672540.447,"level":"INFO","logger":"flowsense","msg":"record","camera_id":"30","event":"{\"ts\": 1785672540, \"camera_id\": 30, \"camera\": \"Simpang DPRD Arah Kota\", \"total_vehicles\": 0, \"per_lane\": {}, \"crossings\": {\"kota\": 3}}"}
{"ts":1785672542.448,"level":"INFO","logger":"flowsense","msg":"record","camera_id":"30","event":"{\"ts\": 1785672542, \"camera_id\": 30, \"camera\": \"Simpang DPRD Arah Kota\", \"total_vehicles\": 0, \"per_lane\": {}, \"crossings\": {\"kota\": 3}}"}
{"ts":1785672544.491,"level":"INFO","logger":"flowsense","msg":"record","camera_id":"30","event":"{\"ts\": 1785672544, \"camera_id\": 30, \"camera\": \"Simpang DPRD Arah Kota\", \"total_vehicles\": 1, \"per_lane\": {}, \"crossings\": {\"kota\": 3}}"}
{"ts":1785672546.534,"level":"INFO","logger":"flowsense","msg":"record","camera_id":"30","event":"{\"ts\": 1785672546, \"camera_id\": 30, \"camera\": \"Simpang DPRD Arah Kota\", \"total_vehicles\": 1, \"per_lane\": {}, \"crossings\": {\"kota\": 3}}"}
{"ts":1785672548.583,"level":"INFO","logger":"flowsense","msg":"record","camera_id":"30","event":"{\"ts\": 1785672548, \"camera_id\": 30, \"camera\": \"Simpang DPRD Arah Kota\", \"total_vehicles\": 0, \"per_lane\": {}, \"crossings\": {\"kota\": 3}}"}
{"ts":1785672550.595,"level":"INFO","logger":"flowsense","msg":"record","camera_id":"30","event":"{\"ts\": 1785672550, \"camera_id\": 30, \"camera\": \"Simpang DPRD Arah Kota\", \"total_vehicles\": 1, \"per_lane\": {}, \"crossings\": {\"kota\": 3}}"}
{"ts":1785672552.618,"level":"INFO","logger":"flowsense","msg":"record","camera_id":"30","event":"{\"ts\": 1785672552, \"camera_id\": 30, \"camera\": \"Simpang DPRD Arah Kota\", \"total_vehicles\": 1, \"per_lane\": {}, \"crossings\": {\"kota\": 3}}"}
{"ts":1785672554.667,"level":"INFO","logger":"flowsense","msg":"record","camera_id":"30","event":"{\"ts\": 1785672554, \"camera_id\": 30, \"camera\": \"Simpang DPRD Arah Kota\", \"total_vehicles\": 2, \"per_lane\": {}, \"crossings\": {\"kota\": 3}}"}
{"ts":1785672556.667,"level":"INFO","logger":"flowsense","msg":"record","camera_id":"30","event":"{\"ts\": 1785672556, \"camera_id\": 30, \"camera\": \"Simpang DPRD Arah Kota\", \"total_vehicles\": 0, \"per_lane\": {}, \"crossings\": {\"kota\": 3}}"}
{"ts":1785672558.685,"level":"INFO","logger":"flowsense","msg":"record","camera_id":"30","event":"{\"ts\": 1785672558, \"camera_id\": 30, \"camera\": \"Simpang DPRD Arah Kota\", \"total_vehicles\": 0, \"per_lane\": {}, \"crossings\": {\"kota\": 3}}"}
{"ts":1785672560.707,"level":"INFO","logger":"flowsense","msg":"record","camera_id":"30","event":"{\"ts\": 1785672560, \"camera_id\": 30, \"camera\": \"Simpang DPRD Arah Kota\", \"total_vehicles\": 0, \"per_lane\": {}, \"crossings\": {\"kota\": 3}}"}
{"ts":1785672562.758,"level":"INFO","logger":"flowsense","msg":"record","camera_id":"30","event":"{\"ts\": 1785672562, \"camera_id\": 30, \"camera\": \"Simpang DPRD Arah Kota\", \"total_vehicles\": 1, \"per_lane\": {}, \"crossings\": {\"kota\": 3}}"}
{"ts":1785672564.758,"level":"INFO","logger":"flowsense","msg":"record","camera_id":"30","event":"{\"ts\": 1785672564, \"camera_id\": 30, \"camera\": \"Simpang DPRD Arah Kota\", \"total_vehicles\": 0, \"per_lane\": {}, \"crossings\": {\"kota\": 3}}"}
{"ts":1785672566.769,"level":"INFO","logger":"flowsense","msg":"record","camera_id":"30","event":"{\"ts\": 1785672566, \"camera_id\": 30, \"camera\": \"Simpang DPRD Arah Kota\", \"total_vehicles\": 1, \"per_lane\": {}, \"crossings\": {\"kota\": 3}}"}
{"ts":1785672568.799,"level":"INFO","logger":"flowsense","msg":"record","camera_id":"30","event":"{\"ts\": 1785672568, \"camera_id\": 30, \"camera\": \"Simpang DPRD Arah Kota\", \"total_vehicles\": 1, \"per_lane\": {}, \"crossings\": {\"kota\": 3}}"}
{"ts":1785672570.851,"level":"INFO","logger":"flowsense","msg":"record","camera_id":"30","event":"{\"ts\": 1785672570, \"camera_id\": 30, \"camera\": \"Simpang DPRD Arah Kota\", \"total_vehicles\": 1, \"per_lane\": {}, \"crossings\": {\"kota\": 3}}"}
{"ts":1785672572.898,"level":"INFO","logger":"flowsense","msg":"record","camera_id":"30","event":"{\"ts\": 1785672572, \"camera_id\": 30, \"camera\": \"Simpang DPRD Arah Kota\", \"total_vehicles\": 1, \"per_lane\": {}, \"crossings\": {\"kota\": 3}}"}
{"ts":1785672574.993,"level":"INFO","logger":"flowsense","msg":"record","camera_id":"30","event":"{\"ts\": 1785672574, \"camera_id\": 30, \"camera\": \"Simpang DPRD Arah Kota\", \"total_vehicles\": 2, \"per_lane\": {}, \"crossings\": {\"kota\": 3}}"}
{"ts":1785672577.009,"level":"INFO","logger":"flowsense","msg":"record","camera_id":"30","event":"{\"ts\": 1785672576, \"camera_id\": 30, \"camera\": \"Simpang DPRD Arah Kota\", \"total_vehicles\": 0, \"per_lane\": {}, \"crossings\": {\"kota\": 3}}"}
{"ts":1785672579.029,"level":"INFO","logger":"flowsense","msg":"record","camera_id":"30","event":"{\"ts\": 1785672578, \"camera_id\": 30, \"camera\": \"Simpang DPRD Arah Kota\", \"total_vehicles\": 3, \"per_lane\": {}, \"crossings\": {\"kota\": 3}}"}
{"ts":1785672581.062,"level":"INFO","logger":"flowsense","msg":"record","camera_id":"30","event":"{\"ts\": 1785672581, \"camera_id\": 30, \"camera\": \"Simpang DPRD Arah Kota\", \"total_vehicles\": 1, \"per_lane\": {}, \"crossings\": {\"kota\": 3}}"}
{"ts":1785672583.07,"level":"INFO","logger":"flowsense","msg":"record","camera_id":"30","event":"{\"ts\": 1785672583, \"camera_id\": 30, \"camera\": \"Simpang DPRD Arah Kota\", \"total_vehicles\": 1, \"per_lane\": {}, \"crossings\": {\"kota\": 3}}"}
{"ts":1785672585.112,"level":"INFO","logger":"flowsense","msg":"record","camera_id":"30","event":"{\"ts\": 1785672585, \"camera_id\": 30, \"camera\": \"Simpang DPRD Arah Kota\", \"total_vehicles\": 2, \"per_lane\": {}, \"crossings\": {\"kota\": 3}}"}
{"ts":1785672587.141,"level":"INFO","logger":"flowsense","msg":"record","camera_id":"30","event":"{\"ts\": 1785672587, \"camera_id\": 30, \"camera\": \"Simpang DPRD Arah Kota\", \"total_vehicles\": 1, \"per_lane\": {}, \"crossings\": {\"kota\": 3}}"}
{"ts":1785672589.136,"level":"INFO","logger":"flowsense","msg":"record","camera_id":"30","event":"{\"ts\": 1785672589, \"camera_id\": 30, \"camera\": \"Simpang DPRD Arah Kota\", \"total_vehicles\": 2, \"per_lane\": {}, \"crossings\": {\"kota\": 3}}"}
{"ts":1785672591.17,"level":"INFO","logger":"flowsense","msg":"record","camera_id":"30","event":"{\"ts\": 1785672591, \"camera_id\": 30, \"camera\": \"Simpang DPRD Arah Kota\", \"total_vehicles\": 0, \"per_lane\": {}, \"crossings\": {\"kota\": 3}}"}
{"ts":1785672593.204,"level":"INFO","logger":"flowsense","msg":"record","camera_id":"30","event":"{\"ts\": 1785672593, \"camera_id\": 30, \"camera\": \"Simpang DPRD Arah Kota\", \"total_vehicles\": 0, \"per_lane\": {}, \"crossings\": {\"kota\": 3}}"}
{"ts":1785672595.236,"level":"INFO","logger":"flowsense","msg":"record","camera_id":"30","event":"{\"ts\": 1785672595, \"camera_id\": 30, \"camera\": \"Simpang DPRD Arah Kota\", \"total_vehicles\": 0, \"per_lane\": {}, \"crossings\": {\"kota\": 3}}"}
{"ts":1785672597.277,"level":"INFO","logger":"flowsense","msg":"record","camera_id":"30","event":"{\"ts\": 1785672597, \"camera_id\": 30, \"camera\": \"Simpang DPRD Arah Kota\", \"total_vehicles\": 0, \"per_lane\": {}, \"crossings\": {\"kota\": 3}}"}
{"ts":1785672599.291,"level":"INFO","logger":"flowsense","msg":"record","camera_id":"30","event":"{\"ts\": 1785672599, \"camera_id\": 30, \"camera\": \"Simpang DPRD Arah Kota\", \"total_vehicles\": 1, \"per_lane\": {}, \"crossings\": {\"kota\": 3}}"}
{"ts":1785672601.351,"level":"INFO","logger":"flowsense","msg":"record","camera_id":"30","event":"{\"ts\": 1785672601, \"camera_id\": 30, \"camera\": \"Simpang DPRD Arah Kota\", \"total_vehicles\": 0, \"per_lane\": {}, \"crossings\": {\"kota\": 3}}"}
{"ts":1785672603.375,"level":"INFO","logger":"flowsense","msg":"record","camera_id":"30","event":"{\"ts\": 1785672603, \"camera_id\": 30, \"camera\": \"Simpang DPRD Arah Kota\", \"total_vehicles\": 0, \"per_lane\": {}, \"crossings\": {\"kota\": 3}}"}
{"ts":1785672605.399,"level":"INFO","logger":"flowsense","msg":"record","camera_id":"30","event":"{\"ts\": 1785672605, \"camera_id\": 30, \"camera\": \"Simpang DPRD Arah Kota\", \"total_vehicles\": 0, \"per_lane\": {}, \"crossings\": {\"kota\": 3}}"}
{"ts":1785672607.404,"level":"INFO","logger":"flowsense","msg":"record","camera_id":"30","event":"{\"ts\": 1785672607, \"camera_id\": 30, \"camera\": \"Simpang DPRD Arah Kota\", \"total_vehicles\": 0, \"per_lane\": {}, \"crossings\": {\"kota\": 3}}"}
{"ts":1785672609.459,"level":"INFO","logger":"flowsense","msg":"record","camera_id":"30","event":"{\"ts\": 1785672609, \"camera_id\": 30, \"camera\": \"Simpang DPRD Arah Kota\", \"total_vehicles\": 0, \"per_lane\": {}, \"crossings\": {\"kota\": 3}}"}
{"ts":1785672611.471,"level":"INFO","logger":"flowsense","msg":"record","camera_id":"30","event":"{\"ts\": 1785672611, \"camera_id\": 30, \"camera\": \"Simpang DPRD Arah Kota\", \"total_vehicles\": 0, \"per_lane\": {}, \"crossings\": {\"kota\": 3}}"}
{"ts":1785672613.477,"level":"INFO","logger":"flowsense","msg":"record","camera_id":"30","event":"{\"ts\": 1785672613, \"camera_id\": 30, \"camera\": \"Simpang DPRD Arah Kota\", \"total_vehicles\": 1, \"per_lane\": {}, \"crossings\": {\"kota\": 3}}"}
{"ts":1785672615.486,"level":"INFO","logger":"flowsense","msg":"record","camera_id":"30","event":"{\"ts\": 1785672615, \"camera_id\": 30, \"camera\": \"Simpang DPRD Arah Kota\", \"total_vehicles\": 1, \"per_lane\": {}, \"crossings\": {\"kota\": 3}}"}
{"ts":1785672617.524,"level":"INFO","logger":"flowsense","msg":"record","camera_id":"30","event":"{\"ts\": 1785672617, \"camera_id\": 30, \"camera\": \"Simpang DPRD Arah Kota\", \"total_vehicles\": 1, \"per_lane\": {}, \"crossings\": {\"kota\": 3}}"}
{"ts":1785672619.542,"level":"INFO","logger":"flowsense","msg":"record","camera_id":"30","event":"{\"ts\": 1785672619, \"camera_id\": 30, \"camera\": \"Simpang DPRD Arah Kota\", \"total_vehicles\": 0, \"per_lane\": {}, \"crossings\": {\"kota\": 3}}"}
{"ts":1785672621.573,"level":"INFO","logger":"flowsense","msg":"record","camera_id":"30","event":"{\"ts\": 1785672621, \"camera_id\": 30, \"camera\": \"Simpang DPRD Arah Kota\", \"total_vehicles\": 1, \"per_lane\": {}, \"crossings\": {\"kota\": 3}}"}
{"ts":1785672623.584,"level":"INFO","logger":"flowsense","msg":"record","camera_id":"30","event":"{\"ts\": 1785672623, \"camera_id\": 30, \"camera\": \"Simpang DPRD Arah Kota\", \"total_vehicles\": 0, \"per_lane\": {}, \"crossings\": {\"kota\": 3}}"}
{"ts":1785672625.606,"level":"INFO","logger":"flowsense","msg":"record","camera_id":"30","event":"{\"ts\": 1785672625, \"camera_id\": 30, \"camera\": \"Simpang DPRD Arah Kota\", \"total_vehicles\": 0, \"per_lane\": {}, \"crossings\": {\"kota\": 3}}"}
{"ts":1785672627.655,"level":"INFO","logger":"flowsense","msg":"record","camera_id":"30","event":"{\"ts\": 1785672627, \"camera_id\": 30, \"camera\": \"Simpang DPRD Arah Kota\", \"total_vehicles\": 0, \"per_lane\": {}, \"crossings\": {\"kota\": 3}}"}
{"ts":1785672629.67,"level":"INFO","logger":"flowsense","msg":"record","camera_id":"30","event":"{\"ts\": 1785672629, \"camera_id\": 30, \"camera\": \"Simpang DPRD Arah Kota\", \"total_vehicles\": 0, \"per_lane\": {}, \"crossings\": {\"kota\": 3}}"}
{"ts":1785672631.706,"level":"INFO","logger":"flowsense","msg":"record","camera_id":"30","event":"{\"ts\": 1785672631, \"camera_id\": 30, \"camera\": \"Simpang DPRD Arah Kota\", \"total_vehicles\": 0, \"per_lane\": {}, \"crossings\": {\"kota\": 3}}"}
{"ts":1785672633.767,"level":"INFO","logger":"flowsense","msg":"record","camera_id":"30","event":"{\"ts\": 1785672633, \"camera_id\": 30, \"camera\": \"Simpang DPRD Arah Kota\", \"total_vehicles\": 0, \"per_lane\": {}, \"crossings\": {\"kota\": 3}}"}
{"ts":1785672635.792,"level":"INFO","logger":"flowsense","msg":"record","camera_id":"30","event":"{\"ts\": 1785672635, \"camera_id\": 30, \"camera\": \"Simpang DPRD Arah Kota\", \"total_vehicles\": 0, \"per_lane\": {}, \"crossings\": {\"kota\": 3}}"}
{"ts":1785672637.837,"level":"INFO","logger":"flowsense","msg":"record","camera_id":"30","event":"{\"ts\": 1785672637, \"camera_id\": 30, \"camera\": \"Simpang DPRD Arah Kota\", \"total_vehicles\": 0, \"per_lane\": {}, \"crossings\": {\"kota\": 3}}"}
{"ts":1785672639.882,"level":"INFO","logger":"flowsense","msg":"record","camera_id":"30","event":"{\"ts\": 1785672639, \"camera_id\": 30, \"camera\": \"Simpang DPRD Arah Kota\", \"total_vehicles\": 1, \"per_lane\": {}, \"crossings\": {\"kota\": 3}}"}
{"ts":1785672641.897,"level":"INFO","logger":"flowsense","msg":"record","camera_id":"30","event":"{\"ts\": 1785672641, \"camera_id\": 30, \"camera\": \"Simpang DPRD Arah Kota\", \"total_vehicles\": 0, \"per_lane\": {}, \"crossings\": {\"kota\": 3}}"}
{"ts":1785672643.898,"level":"INFO","logger":"flowsense","msg":"record","camera_id":"30","event":"{\"ts\": 1785672643, \"camera_id\": 30, \"camera\": \"Simpang DPRD Arah Kota\", \"total_vehicles\": 0, \"per_lane\": {}, \"crossings\": {\"kota\": 3}}"}
{"ts":1785672645.934,"level":"INFO","logger":"flowsense","msg":"record","camera_id":"30","event":"{\"ts\": 1785672645, \"camera_id\": 30, \"camera\": \"Simpang DPRD Arah Kota\", \"total_vehicles\": 0, \"per_lane\": {}, \"crossings\": {\"kota\": 3}}"}
{"ts":1785672648.053,"level":"INFO","logger":"flowsense","msg":"record","camera_id":"30","event":"{\"ts\": 1785672647, \"camera_id\": 30, \"camera\": \"Simpang DPRD Arah Kota\", \"total_vehicles\": 1, \"per_lane\": {}, \"crossings\": {\"kota\": 3}}"}
{"ts":1785672650.048,"level":"INFO","logger":"flowsense","msg":"record","camera_id":"30","event":"{\"ts\": 1785672649, \"camera_id\": 30, \"camera\": \"Simpang DPRD Arah Kota\", \"total_vehicles\": 0, \"per_lane\": {}, \"crossings\": {\"kota\": 3}}"}
{"ts":1785672652.067,"level":"INFO","logger":"flowsense","msg":"record","camera_id":"30","event":"{\"ts\": 1785672652, \"camera_id\": 30, \"camera\": \"Simpang DPRD Arah Kota\", \"total_vehicles\": 0, \"per_lane\": {}, \"crossings\": {\"kota\": 3}}"}
{"ts":1785672654.108,"level":"INFO","logger":"flowsense","msg":"record","camera_id":"30","event":"{\"ts\": 1785672654, \"camera_id\": 30, \"camera\": \"Simpang DPRD Arah Kota\", \"total_vehicles\": 1, \"per_lane\": {}, \"crossings\": {\"kota\": 3}}"}
{"ts":1785672656.108,"level":"INFO","logger":"flowsense","msg":"record","camera_id":"30","event":"{\"ts\": 1785672656, \"camera_id\": 30, \"camera\": \"Simpang DPRD Arah Kota\", \"total_vehicles\": 0, \"per_lane\": {}, \"crossings\": {\"kota\": 3}}"}
{"ts":1785672658.13,"level":"INFO","logger":"flowsense","msg":"record","camera_id":"30","event":"{\"ts\": 1785672658, \"camera_id\": 30, \"camera\": \"Simpang DPRD Arah Kota\", \"total_vehicles\": 0, \"per_lane\": {}, \"crossings\": {\"kota\": 3}}"}
{"ts":1785672660.173,"level":"INFO","logger":"flowsense","msg":"record","camera_id":"30","event":"{\"ts\": 1785672660, \"camera_id\": 30, \"camera\": \"Simpang DPRD Arah Kota\", \"total_vehicles\": 0, \"per_lane\": {}, \"crossings\": {\"kota\": 3}}"}
{"ts":1785672662.196,"level":"INFO","logger":"flowsense","msg":"record","camera_id":"30","event":"{\"ts\": 1785672662, \"camera_id\": 30, \"camera\": \"Simpang DPRD Arah Kota\", \"total_vehicles\": 0, \"per_lane\": {}, \"crossings\": {\"kota\": 3}}"}
{"ts":1785672664.213,"level":"INFO","logger":"flowsense","msg":"record","camera_id":"30","event":"{\"ts\": 1785672664, \"camera_id\": 30, \"camera\": \"Simpang DPRD Arah Kota\", \"total_vehicles\": 0, \"per_lane\": {}, \"crossings\": {\"kota\": 3}}"}
{"ts":1785672666.218,"level":"INFO","logger":"flowsense","msg":"record","camera_id":"30","event":"{\"ts\": 1785672666, \"camera_id\": 30, \"camera\": \"Simpang DPRD Arah Kota\", \"total_vehicles\": 0, \"per_lane\": {}, \"crossings\": {\"kota\": 3}}"}
{"ts":1785672668.256,"level":"INFO","logger":"flowsense","msg":"record","camera_id":"30","event":"{\"ts\": 1785672668, \"camera_id\": 30, \"camera\": \"Simpang DPRD Arah Kota\", \"total_vehicles\": 0, \"per_lane\": {}, \"crossings\": {\"kota\": 3}}"}
{"ts":1785672670.297,"level":"INFO","logger":"flowsense","msg":"record","camera_id":"30","event":"{\"ts\": 1785672670, \"camera_id\": 30, \"camera\": \"Simpang DPRD Arah Kota\", \"total_vehicles\": 1, \"per_lane\": {}, \"crossings\": {\"kota\": 3}}"}
{"ts":1785672672.342,"level":"INFO","logger":"flowsense","msg":"record","camera_id":"30","event":"{\"ts\": 1785672672, \"camera_id\": 30, \"camera\": \"Simpang DPRD Arah Kota\", \"total_vehicles\": 0, \"per_lane\": {}, \"crossings\": {\"kota\": 3}}"}
{"ts":1785672674.341,"level":"INFO","logger":"flowsense","msg":"record","camera_id":"30","event":"{\"ts\": 1785672674, \"camera_id\": 30, \"camera\": \"Simpang DPRD Arah Kota\", \"total_vehicles\": 1, \"per_lane\": {}, \"crossings\": {\"kota\": 3}}"}
{"ts":1785672676.379,"level":"INFO","logger":"flowsense","msg":"record","camera_id":"30","event":"{\"ts\": 1785672676, \"camera_id\": 30, \"camera\": \"Simpang DPRD Arah Kota\", \"total_vehicles\": 1, \"per_lane\": {}, \"crossings\": {\"kota\": 3}}"}
{"ts":1785672678.412,"level":"INFO","logger":"flowsense","msg":"record","camera_id":"30","event":"{\"ts\": 1785672678, \"camera_id\": 30, \"camera\": \"Simpang DPRD Arah Kota\", \"total_vehicles\": 0, \"per_lane\": {}, \"crossings\": {\"kota\": 3}}"}
{"ts":1785672680.465,"level":"INFO","logger":"flowsense","msg":"record","camera_id":"30","event":"{\"ts\": 1785672680, \"camera_id\": 30, \"camera\": \"Simpang DPRD Arah Kota\", \"total_vehicles\": 1, \"per_lane\": {}, \"crossings\": {\"kota\": 3}}"}
{"ts":1785672682.507,"level":"INFO","logger":"flowsense","msg":"record","camera_id":"30","event":"{\"ts\": 1785672682, \"camera_id\": 30, \"camera\": \"Simpang DPRD Arah Kota\", \"total_vehicles\": 2, \"per_lane\": {}, \"crossings\": {\"kota\": 3}}"}
{"ts":1785672684.513,"level":"INFO","logger":"flowsense","msg":"record","camera_id":"30","event":"{\"ts\": 1785672684, \"camera_id\": 30, \"camera\": \"Simpang DPRD Arah Kota\", \"total_vehicles\": 2, \"per_lane\": {}, \"crossings\": {\"kota\": 3}}"}
{"ts":1785672686.525,"level":"INFO","logger":"flowsense","msg":"record","camera_id":"30","event":"{\"ts\": 1785672686, \"camera_id\": 30, \"camera\": \"Simpang DPRD Arah Kota\", \"total_vehicles\": 2, \"per_lane\": {}, \"crossings\": {\"kota\": 3}}"}
{"ts":1785672688.575,"level":"INFO","logger":"flowsense","msg":"record","camera_id":"30","event":"{\"ts\": 1785672688, \"camera_id\": 30, \"camera\": \"Simpang DPRD Arah Kota\", \"total_vehicles\": 2, \"per_lane\": {}, \"crossings\": {\"kota\": 3}}"}
{"ts":1785672690.589,"level":"INFO","logger":"flowsense","msg":"record","camera_id":"30","event":"{\"ts\": 1785672690, \"camera_id\": 30, \"camera\": \"Simpang DPRD Arah Kota\", \"total_vehicles\": 3, \"per_lane\": {}, \"crossings\": {\"kota\": 3}}"}
{"ts":1785672692.636,"level":"INFO","logger":"flowsense","msg":"record","camera_id":"30","event":"{\"ts\": 1785672692, \"camera_id\": 30, \"camera\": \"Simpang DPRD Arah Kota\", \"total_vehicles\": 2, \"per_lane\": {}, \"crossings\": {\"kota\": 3}}"}
{"ts":1785672694.649,"level":"INFO","logger":"flowsense","msg":"record","camera_id":"30","event":"{\"ts\": 1785672694, \"camera_id\": 30, \"camera\": \"Simpang DPRD Arah Kota\", \"total_vehicles\": 1, \"per_lane\": {}, \"crossings\": {\"kota\": 3}}"}
{"ts":1785672696.646,"level":"INFO","logger":"flowsense","msg":"record","camera_id":"30","event":"{\"ts\": 1785672696, \"camera_id\": 30, \"camera\": \"Simpang DPRD Arah Kota\", \"total_vehicles\": 0, \"per_lane\": {}, \"crossings\": {\"kota\": 3}}"}
{"ts":1785672698.681,"level":"INFO","logger":"flowsense","msg":"record","camera_id":"30","event":"{\"ts\": 1785672698, \"camera_id\": 30, \"camera\": \"Simpang DPRD Arah Kota\", \"total_vehicles\": 1, \"per_lane\": {}, \"crossings\": {\"kota\": 3}}"}
{"ts":1785672700.683,"level":"INFO","logger":"flowsense","msg":"record","camera_id":"30","event":"{\"ts\": 1785672700, \"camera_id\": 30, \"camera\": \"Simpang DPRD Arah Kota\", \"total_vehicles\": 1, \"per_lane\": {}, \"crossings\": {\"kota\": 3}}"}
{"ts":1785672702.686,"level":"INFO","logger":"flowsense","msg":"record","camera_id":"30","event":"{\"ts\": 1785672702, \"camera_id\": 30, \"camera\": \"Simpang DPRD Arah Kota\", \"total_vehicles\": 0, \"per_lane\": {}, \"crossings\": {\"kota\": 4}}"}
{"ts":1785672704.694,"level":"INFO","logger":"flowsense","msg":"record","camera_id":"30","event":"{\"ts\": 1785672704, \"camera_id\": 30, \"camera\": \"Simpang DPRD Arah Kota\", \"total_vehicles\": 1, \"per_lane\": {}, \"crossings\": {\"kota\": 4}}"}
{"ts":1785672706.698,"level":"INFO","logger":"flowsense","msg":"record","camera_id":"30","event":"{\"ts\": 1785672706, \"camera_id\": 30, \"camera\": \"Simpang DPRD Arah Kota\", \"total_vehicles\": 1, \"per_lane\": {}, \"crossings\": {\"kota\": 4}}"}
{"ts":1785672708.716,"level":"INFO","logger":"flowsense","msg":"record","camera_id":"30","event":"{\"ts\": 1785672708, \"camera_id\": 30, \"camera\": \"Simpang DPRD Arah Kota\", \"total_vehicles\": 0, \"per_lane\": {}, \"crossings\": {\"kota\": 4}}"}
{"ts":1785672710.731,"level":"INFO","logger":"flowsense","msg":"record","camera_id":"30","event":"{\"ts\": 1785672710, \"camera_id\": 30, \"camera\": \"Simpang DPRD Arah Kota\", \"total_vehicles\": 0, \"per_lane\": {}, \"crossings\": {\"kota\": 4}}"}
{"ts":1785672712.742,"level":"INFO","logger":"flowsense","msg":"record","camera_id":"30","event":"{\"ts\": 1785672712, \"camera_id\": 30, \"camera\": \"Simpang DPRD Arah Kota\", \"total_vehicles\": 0, \"per_lane\": {}, \"crossings\": {\"kota\": 4}}"}
{"ts":1785672714.737,"level":"INFO","logger":"flowsense","msg":"record","camera_id":"30","event":"{\"ts\": 1785672714, \"camera_id\": 30, \"camera\": \"Simpang DPRD Arah Kota\", \"total_vehicles\": 0, \"per_lane\": {}, \"crossings\": {\"kota\": 4}}"}
{"ts":1785672716.793,"level":"INFO","logger":"flowsense","msg":"record","camera_id":"30","event":"{\"ts\": 1785672716, \"camera_id\": 30, \"camera\": \"Simpang DPRD Arah Kota\", \"total_vehicles\": 0, \"per_lane\": {}, \"crossings\": {\"kota\": 4}}"}
{"ts":1785672718.818,"level":"INFO","logger":"flowsense","msg":"record","camera_id":"30","event":"{\"ts\": 1785672718, \"camera_id\": 30, \"camera\": \"Simpang DPRD Arah Kota\", \"total_vehicles\": 0, \"per_lane\": {}, \"crossings\": {\"kota\": 4}}"}
{"ts":1785672720.835,"level":"INFO","logger":"flowsense","msg":"record","camera_id":"30","event":"{\"ts\": 1785672720, \"camera_id\": 30, \"camera\": \"Simpang DPRD Arah Kota\", \"total_vehicles\": 0, \"per_lane\": {}, \"crossings\": {\"kota\": 4}}"}
{"ts":1785672722.841,"level":"INFO","logger":"flowsense","msg":"record","camera_id":"30","event":"{\"ts\": 1785672722, \"camera_id\": 30, \"camera\": \"Simpang DPRD Arah Kota\", \"total_vehicles\": 0, \"per_lane\": {}, \"crossings\": {\"kota\": 4}}"}
{"ts":1785672724.88,"level":"INFO","logger":"flowsense","msg":"record","camera_id":"30","event":"{\"ts\": 1785672724, \"camera_id\": 30, \"camera\": \"Simpang DPRD Arah Kota\", \"total_vehicles\": 0, \"per_lane\": {}, \"crossings\": {\"kota\": 4}}"}
{"ts":1785672726.89,"level":"INFO","logger":"flowsense","msg":"record","camera_id":"30","event":"{\"ts\": 1785672726, \"camera_id\": 30, \"camera\": \"Simpang DPRD Arah Kota\", \"total_vehicles\": 0, \"per_lane\": {}, \"crossings\": {\"kota\": 4}}"}
{"ts":1785672728.904,"level":"INFO","logger":"flowsense","msg":"record","camera_id":"30","event":"{\"ts\": 1785672728, \"camera_id\": 30, \"camera\": \"Simpang DPRD Arah Kota\", \"total_vehicles\": 0, \"per_lane\": {}, \"crossings\": {\"kota\": 4}}"}
{"ts":1785672730.911,"level":"INFO","logger":"flowsense","msg":"record","camera_id":"30","event":"{\"ts\": 1785672730, \"camera_id\": 30, \"camera\": \"Simpang DPRD Arah Kota\", \"total_vehicles\": 0, \"per_lane\": {}, \"crossings\": {\"kota\": 4}}"}
{"ts":1785672732.956,"level":"INFO","logger":"flowsense","msg":"record","camera_id":"30","event":"{\"ts\": 1785672732, \"camera_id\": 30, \"camera\": \"Simpang DPRD Arah Kota\", \"total_vehicles\": 0, \"per_lane\": {}, \"crossings\": {\"kota\": 4}}"}
{"ts":1785672734.996,"level":"INFO","logger":"flowsense","msg":"record","camera_id":"30","event":"{\"ts\": 1785672734, \"camera_id\": 30, \"camera\": \"Simpang DPRD Arah Kota\", \"total_vehicles\": 1, \"per_lane\": {}, \"crossings\": {\"kota\": 4}}"}
{"ts":1785672737.04,"level":"INFO","logger":"flowsense","msg":"record","camera_id":"30","event":"{\"ts\": 1785672736, \"camera_id\": 30, \"camera\": \"Simpang DPRD Arah Kota\", \"total_vehicles\": 1, \"per_lane\": {}, \"crossings\": {\"kota\": 4}}"}
{"ts":1785672739.045,"level":"INFO","logger":"flowsense","msg":"record","camera_id":"30","event":"{\"ts\": 1785672738, \"camera_id\": 30, \"camera\": \"Simpang DPRD Arah Kota\", \"total_vehicles\": 0, \"per_lane\": {}, \"crossings\": {\"kota\": 4}}"}
{"ts":1785672741.091,"level":"INFO","logger":"flowsense","msg":"record","camera_id":"30","event":"{\"ts\": 1785672741, \"camera_id\": 30, \"camera\": \"Simpang DPRD Arah Kota\", \"total_vehicles\": 1, \"per_lane\": {}, \"crossings\": {\"kota\": 4}}"}
{"ts":1785672743.145,"level":"INFO","logger":"flowsense","msg":"record","camera_id":"30","event":"{\"ts\": 1785672743, \"camera_id\": 30, \"camera\": \"Simpang DPRD Arah Kota\", \"total_vehicles\": 0, \"per_lane\": {}, \"crossings\": {\"kota\": 4}}"}
{"ts":1785672745.166,"level":"INFO","logger":"flowsense","msg":"record","camera_id":"30","event":"{\"ts\": 1785672745, \"camera_id\": 30, \"camera\": \"Simpang DPRD Arah Kota\", \"total_vehicles\": 0, \"per_lane\": {}, \"crossings\": {\"kota\": 4}}"}
{"ts":1785672747.17,"level":"INFO","logger":"flowsense","msg":"record","camera_id":"30","event":"{\"ts\": 1785672747, \"camera_id\": 30, \"camera\": \"Simpang DPRD Arah Kota\", \"total_vehicles\": 1, \"per_lane\": {}, \"crossings\": {\"kota\": 4}}"}
{"ts":1785672749.195,"level":"INFO","logger":"flowsense","msg":"record","camera_id":"30","event":"{\"ts\": 1785672749, \"camera_id\": 30, \"camera\": \"Simpang DPRD Arah Kota\", \"total_vehicles\": 0, \"per_lane\": {}, \"crossings\": {\"kota\": 4}}"}
{"ts":1785672751.202,"level":"INFO","logger":"flowsense","msg":"record","camera_id":"30","event":"{\"ts\": 1785672751, \"camera_id\": 30, \"camera\": \"Simpang DPRD Arah Kota\", \"total_vehicles\": 0, \"per_lane\": {}, \"crossings\": {\"kota\": 4}}"}
{"ts":1785672753.234,"level":"INFO","logger":"flowsense","msg":"record","camera_id":"30","event":"{\"ts\": 1785672753, \"camera_id\": 30, \"camera\": \"Simpang DPRD Arah Kota\", \"total_vehicles\": 0, \"per_lane\": {}, \"crossings\": {\"kota\": 4}}"}
{"ts":1785672755.268,"level":"INFO","logger":"flowsense","msg":"record","camera_id":"30","event":"{\"ts\": 1785672755, \"camera_id\": 30, \"camera\": \"Simpang DPRD Arah Kota\", \"total_vehicles\": 0, \"per_lane\": {}, \"crossings\": {\"kota\": 4}}"}
{"ts":1785672757.311,"level":"INFO","logger":"flowsense","msg":"record","camera_id":"30","event":"{\"ts\": 1785672757, \"camera_id\": 30, \"camera\": \"Simpang DPRD Arah Kota\", \"total_vehicles\": 0, \"per_lane\": {}, \"crossings\": {\"kota\": 4}}"}
{"ts":1785672759.34,"level":"INFO","logger":"flowsense","msg":"record","camera_id":"30","event":"{\"ts\": 1785672759, \"camera_id\": 30, \"camera\": \"Simpang DPRD Arah Kota\", \"total_vehicles\": 0, \"per_lane\": {}, \"crossings\": {\"kota\": 4}}"}
{"ts":1785672761.395,"level":"INFO","logger":"flowsense","msg":"record","camera_id":"30","event":"{\"ts\": 1785672761, \"camera_id\": 30, \"camera\": \"Simpang DPRD Arah Kota\", \"total_vehicles\": 0, \"per_lane\": {}, \"crossings\": {\"kota\": 4}}"}
{"ts":1785672763.425,"level":"INFO","logger":"flowsense","msg":"record","camera_id":"30","event":"{\"ts\": 1785672763, \"camera_id\": 30, \"camera\": \"Simpang DPRD Arah Kota\", \"total_vehicles\": 1, \"per_lane\": {}, \"crossings\": {\"kota\": 4}}"}
{"ts":1785672765.441,"level":"INFO","logger":"flowsense","msg":"record","camera_id":"30","event":"{\"ts\": 1785672765, \"camera_id\": 30, \"camera\": \"Simpang DPRD Arah Kota\", \"total_vehicles\": 0, \"per_lane\": {}, \"crossings\": {\"kota\": 4}}"}
{"ts":1785672767.491,"level":"INFO","logger":"flowsense","msg":"record","camera_id":"30","event":"{\"ts\": 1785672767, \"camera_id\": 30, \"camera\": \"Simpang DPRD Arah Kota\", \"total_vehicles\": 0, \"per_lane\": {}, \"crossings\": {\"kota\": 4}}"}
{"ts":1785672769.518,"level":"INFO","logger":"flowsense","msg":"record","camera_id":"30","event":"{\"ts\": 1785672769, \"camera_id\": 30, \"camera\": \"Simpang DPRD Arah Kota\", \"total_vehicles\": 3, \"per_lane\": {}, \"crossings\": {\"kota\": 4}}"}
{"ts":1785672771.525,"level":"INFO","logger":"flowsense","msg":"record","camera_id":"30","event":"{\"ts\": 1785672771, \"camera_id\": 30, \"camera\": \"Simpang DPRD Arah Kota\", \"total_vehicles\": 2, \"per_lane\": {}, \"crossings\": {\"kota\": 4}}"}
{"ts":1785672773.553,"level":"INFO","logger":"flowsense","msg":"record","camera_id":"30","event":"{\"ts\": 1785672773, \"camera_id\": 30, \"camera\": \"Simpang DPRD Arah Kota\", \"total_vehicles\": 0, \"per_lane\": {}, \"crossings\": {\"kota\": 4}}"}
{"ts":1785672775.579,"level":"INFO","logger":"flowsense","msg":"record","camera_id":"30","event":"{\"ts\": 1785672775, \"camera_id\": 30, \"camera\": \"Simpang DPRD Arah Kota\", \"total_vehicles\": 0, \"per_lane\": {}, \"crossings\": {\"kota\": 4}}"}
{"ts":1785672777.577,"level":"INFO","logger":"flowsense","msg":"record","camera_id":"30","event":"{\"ts\": 1785672777, \"camera_id\": 30, \"camera\": \"Simpang DPRD Arah Kota\", \"total_vehicles\": 0, \"per_lane\": {}, \"crossings\": {\"kota\": 4}}"}
{"ts":1785672779.597,"level":"INFO","logger":"flowsense","msg":"record","camera_id":"30","event":"{\"ts\": 1785672779, \"camera_id\": 30, \"camera\": \"Simpang DPRD Arah Kota\", \"total_vehicles\": 0, \"per_lane\": {}, \"crossings\": {\"kota\": 4}}"}
{"ts":1785672781.602,"level":"INFO","logger":"flowsense","msg":"record","camera_id":"30","event":"{\"ts\": 1785672781, \"camera_id\": 30, \"camera\": \"Simpang DPRD Arah Kota\", \"total_vehicles\": 0, \"per_lane\": {}, \"crossings\": {\"kota\": 4}}"}
{"ts":1785672783.637,"level":"INFO","logger":"flowsense","msg":"record","camera_id":"30","event":"{\"ts\": 1785672783, \"camera_id\": 30, \"camera\": \"Simpang DPRD Arah Kota\", \"total_vehicles\": 1, \"per_lane\": {}, \"crossings\": {\"kota\": 4}}"}
{"ts":1785672785.686,"level":"INFO","logger":"flowsense","msg":"record","camera_id":"30","event":"{\"ts\": 1785672785, \"camera_id\": 30, \"camera\": \"Simpang DPRD Arah Kota\", \"total_vehicles\": 2, \"per_lane\": {}, \"crossings\": {\"kota\": 4}}"}
{"ts":1785672787.738,"level":"INFO","logger":"flowsense","msg":"record","camera_id":"30","event":"{\"ts\": 1785672787, \"camera_id\": 30, \"camera\": \"Simpang DPRD Arah Kota\", \"total_vehicles\": 1, \"per_lane\": {}, \"crossings\": {\"kota\": 4}}"}
{"ts":1785672789.758,"level":"INFO","logger":"flowsense","msg":"record","camera_id":"30","event":"{\"ts\": 1785672789, \"camera_id\": 30, \"camera\": \"Simpang DPRD Arah Kota\", \"total_vehicles\": 2, \"per_lane\": {}, \"crossings\": {\"kota\": 4}}"}
{"ts":1785672791.8,"level":"INFO","logger":"flowsense","msg":"record","camera_id":"30","event":"{\"ts\": 1785672791, \"camera_id\": 30, \"camera\": \"Simpang DPRD Arah Kota\", \"total_vehicles\": 0, \"per_lane\": {}, \"crossings\": {\"kota\": 4}}"}
{"ts":1785672793.848,"level":"INFO","logger":"flowsense","msg":"record","camera_id":"30","event":"{\"ts\": 1785672793, \"camera_id\": 30, \"camera\": \"Simpang DPRD Arah Kota\", \"total_vehicles\": 0, \"per_lane\": {}, \"crossings\": {\"kota\": 4}}"}
{"ts":1785672795.866,"level":"INFO","logger":"flowsense","msg":"record","camera_id":"30","event":"{\"ts\": 1785672795, \"camera_id\": 30, \"camera\": \"Simpang DPRD Arah Kota\", \"total_vehicles\": 0, \"per_lane\": {}, \"crossings\": {\"kota\": 4}}"}
{"ts":1785672797.906,"level":"INFO","logger":"flowsense","msg":"record","camera_id":"30","event":"{\"ts\": 1785672797, \"camera_id\": 30, \"camera\": \"Simpang DPRD Arah Kota\", \"total_vehicles\": 0, \"per_lane\": {}, \"crossings\": {\"kota\": 4}}"}
{"ts":1785672799.904,"level":"INFO","logger":"flowsense","msg":"record","camera_id":"30","event":"{\"ts\": 1785672799, \"camera_id\": 30, \"camera\": \"Simpang DPRD Arah Kota\", \"total_vehicles\": 0, \"per_lane\": {}, \"crossings\": {\"kota\": 4}}"}
{"ts":1785672801.907,"level":"INFO","logger":"flowsense","msg":"record","camera_id":"30","event":"{\"ts\": 1785672801, \"camera_id\": 30, \"camera\": \"Simpang DPRD Arah Kota\", \"total_vehicles\": 0, \"per_lane\": {}, \"crossings\": {\"kota\": 4}}"}
{"ts":1785672803.944,"level":"INFO","logger":"flowsense","msg":"record","camera_id":"30","event":"{\"ts\": 1785672803, \"camera_id\": 30, \"camera\": \"Simpang DPRD Arah Kota\", \"total_vehicles\": 0, \"per_lane\": {}, \"crossings\": {\"kota\": 4}}"}
{"ts":1785672805.968,"level":"INFO","logger":"flowsense","msg":"record","camera_id":"30","event":"{\"ts\": 1785672805, \"camera_id\": 30, \"camera\": \"Simpang DPRD Arah Kota\", \"total_vehicles\": 1, \"per_lane\": {}, \"crossings\": {\"kota\": 4}}"}
{"ts":1785672807.988,"level":"INFO","logger":"flowsense","msg":"record","camera_id":"30","event":"{\"ts\": 1785672807, \"camera_id\": 30, \"camera\": \"Simpang DPRD Arah Kota\", \"total_vehicles\": 1, \"per_lane\": {}, \"crossings\": {\"kota\": 4}}"}
{"ts":1785672810.018,"level":"INFO","logger":"flowsense","msg":"record","camera_id":"30","event":"{\"ts\": 1785672809, \"camera_id\": 30, \"camera\": \"Simpang DPRD Arah Kota\", \"total_vehicles\": 0, \"per_lane\": {}, \"crossings\": {\"kota\": 4}}"}
{"ts":1785672812.084,"level":"INFO","logger":"flowsense","msg":"record","camera_id":"30","event":"{\"ts\": 1785672812, \"camera_id\": 30, \"camera\": \"Simpang DPRD Arah Kota\", \"total_vehicles\": 0, \"per_lane\": {}, \"crossings\": {\"kota\": 4}}"}
{"ts":1785672814.091,"level":"INFO","logger":"flowsense","msg":"record","camera_id":"30","event":"{\"ts\": 1785672814, \"camera_id\": 30, \"camera\": \"Simpang DPRD Arah Kota\", \"total_vehicles\": 0, \"per_lane\": {}, \"crossings\": {\"kota\": 4}}"}
{"ts":1785672816.119,"level":"INFO","logger":"flowsense","msg":"record","camera_id":"30","event":"{\"ts\": 1785672816, \"camera_id\": 30, \"camera\": \"Simpang DPRD Arah Kota\", \"total_vehicles\": 0, \"per_lane\": {}, \"crossings\": {\"kota\": 4}}"}
{"ts":1785672818.146,"level":"INFO","logger":"flowsense","msg":"record","camera_id":"30","event":"{\"ts\": 1785672818, \"camera_id\": 30, \"camera\": \"Simpang DPRD Arah Kota\", \"total_vehicles\": 0, \"per_lane\": {}, \"crossings\": {\"kota\": 4}}"}
{"ts":1785672820.156,"level":"INFO","logger":"flowsense","msg":"record","camera_id":"30","event":"{\"ts\": 1785672820, \"camera_id\": 30, \"camera\": \"Simpang DPRD Arah Kota\", \"total_vehicles\": 0, \"per_lane\": {}, \"crossings\": {\"kota\": 4}}"}
{"ts":1785672822.199,"level":"INFO","logger":"flowsense","msg":"record","camera_id":"30","event":"{\"ts\": 1785672822, \"camera_id\": 30, \"camera\": \"Simpang DPRD Arah Kota\", \"total_vehicles\": 0, \"per_lane\": {}, \"crossings\": {\"kota\": 4}}"}
{"ts":1785672824.218,"level":"INFO","logger":"flowsense","msg":"record","camera_id":"30","event":"{\"ts\": 1785672824, \"camera_id\": 30, \"camera\": \"Simpang DPRD Arah Kota\", \"total_vehicles\": 0, \"per_lane\": {}, \"crossings\": {\"kota\": 4}}"}
{"ts":1785672826.261,"level":"INFO","logger":"flowsense","msg":"record","camera_id":"30","event":"{\"ts\": 1785672826, \"camera_id\": 30, \"camera\": \"Simpang DPRD Arah Kota\", \"total_vehicles\": 0, \"per_lane\": {}, \"crossings\": {\"kota\": 4}}"}
{"ts":1785672828.253,"level":"INFO","logger":"flowsense","msg":"record","camera_id":"30","event":"{\"ts\": 1785672828, \"camera_id\": 30, \"camera\": \"Simpang DPRD Arah Kota\", \"total_vehicles\": 0, \"per_lane\": {}, \"crossings\": {\"kota\": 4}}"}
{"ts":1785672830.262,"level":"INFO","logger":"flowsense","msg":"record","camera_id":"30","event":"{\"ts\": 1785672830, \"camera_id\": 30, \"camera\": \"Simpang DPRD Arah Kota\", \"total_vehicles\": 0, \"per_lane\": {}, \"crossings\": {\"kota\": 4}}"}
{"ts":1785672832.304,"level":"INFO","logger":"flowsense","msg":"record","camera_id":"30","event":"{\"ts\": 1785672832, \"camera_id\": 30, \"camera\": \"Simpang DPRD Arah Kota\", \"total_vehicles\": 0, \"per_lane\": {}, \"crossings\": {\"kota\": 4}}"}
{"ts":1785672834.328,"level":"INFO","logger":"flowsense","msg":"record","camera_id":"30","event":"{\"ts\": 1785672834, \"camera_id\": 30, \"camera\": \"Simpang DPRD Arah Kota\", \"total_vehicles\": 0, \"per_lane\": {}, \"crossings\": {\"kota\": 4}}"}
{"ts":1785672836.344,"level":"INFO","logger":"flowsense","msg":"record","camera_id":"30","event":"{\"ts\": 1785672836, \"camera_id\": 30, \"camera\": \"Simpang DPRD Arah Kota\", \"total_vehicles\": 0, \"per_lane\": {}, \"crossings\": {\"kota\": 4}}"}
{"ts":1785672838.386,"level":"INFO","logger":"flowsense","msg":"record","camera_id":"30","event":"{\"ts\": 1785672838, \"camera_id\": 30, \"camera\": \"Simpang DPRD Arah Kota\", \"total_vehicles\": 0, \"per_lane\": {}, \"crossings\": {\"kota\": 4}}"}
{"ts":1785672840.423,"level":"INFO","logger":"flowsense","msg":"record","camera_id":"30","event":"{\"ts\": 1785672840, \"camera_id\": 30, \"camera\": \"Simpang DPRD Arah Kota\", \"total_vehicles\": 0, \"per_lane\": {}, \"crossings\": {\"kota\": 4}}"}
{"ts":1785672842.433,"level":"INFO","logger":"flowsense","msg":"record","camera_id":"30","event":"{\"ts\": 1785672842, \"camera_id\": 30, \"camera\": \"Simpang DPRD Arah Kota\", \"total_vehicles\": 1, \"per_lane\": {}, \"crossings\": {\"kota\": 4}}"}
{"ts":1785672844.435,"level":"INFO","logger":"flowsense","msg":"record","camera_id":"30","event":"{\"ts\": 1785672844, \"camera_id\": 30, \"camera\": \"Simpang DPRD Arah Kota\", \"total_vehicles\": 1, \"per_lane\": {}, \"crossings\": {\"kota\": 4}}"}
{"ts":1785672846.464,"level":"INFO","logger":"flowsense","msg":"record","camera_id":"30","event":"{\"ts\": 1785672846, \"camera_id\": 30, \"camera\": \"Simpang DPRD Arah Kota\", \"total_vehicles\": 0, \"per_lane\": {}, \"crossings\": {\"kota\": 4}}"}
{"ts":1785672848.504,"level":"INFO","logger":"flowsense","msg":"record","camera_id":"30","event":"{\"ts\": 1785672848, \"camera_id\": 30, \"camera\": \"Simpang DPRD Arah Kota\", \"total_vehicles\": 0, \"per_lane\": {}, \"crossings\": {\"kota\": 4}}"}
{"ts":1785672850.549,"level":"INFO","logger":"flowsense","msg":"record","camera_id":"30","event":"{\"ts\": 1785672850, \"camera_id\": 30, \"camera\": \"Simpang DPRD Arah Kota\", \"total_vehicles\": 0, \"per_lane\": {}, \"crossings\": {\"kota\": 4}}"}
{"ts":1785672852.555,"level":"INFO","logger":"flowsense","msg":"record","camera_id":"30","event":"{\"ts\": 1785672852, \"camera_id\": 30, \"camera\": \"Simpang DPRD Arah Kota\", \"total_vehicles\": 0, \"per_lane\": {}, \"crossings\": {\"kota\": 4}}"}
{"ts":1785672854.585,"level":"INFO","logger":"flowsense","msg":"record","camera_id":"30","event":"{\"ts\": 1785672854, \"camera_id\": 30, \"camera\": \"Simpang DPRD Arah Kota\", \"total_vehicles\": 0, \"per_lane\": {}, \"crossings\": {\"kota\": 4}}"}
{"ts":1785672856.617,"level":"INFO","logger":"flowsense","msg":"record","camera_id":"30","event":"{\"ts\": 1785672856, \"camera_id\": 30, \"camera\": \"Simpang DPRD Arah Kota\", \"total_vehicles\": 0, \"per_lane\": {}, \"crossings\": {\"kota\": 4}}"}
{"ts":1785672858.652,"level":"INFO","logger":"flowsense","msg":"record","camera_id":"30","event":"{\"ts\": 1785672858, \"camera_id\": 30, \"camera\": \"Simpang DPRD Arah Kota\", \"total_vehicles\": 0, \"per_lane\": {}, \"crossings\": {\"kota\": 4}}"}
{"ts":1785672861.11,"level":"INFO","logger":"flowsense","msg":"record","camera_id":"30","event":"{\"ts\": 1785672860, \"camera_id\": 30, \"camera\": \"Simpang DPRD Arah Kota\", \"total_vehicles\": 0, \"per_lane\": {}, \"crossings\": {\"kota\": 4}}"}
{"ts":1785672862.688,"level":"INFO","logger":"flowsense","msg":"record","camera_id":"30","event":"{\"ts\": 1785672862, \"camera_id\": 30, \"camera\": \"Simpang DPRD Arah Kota\", \"total_vehicles\": 0, \"per_lane\": {}, \"crossings\": {\"kota\": 4}}"}
{"ts":1785672864.705,"level":"INFO","logger":"flowsense","msg":"record","camera_id":"30","event":"{\"ts\": 1785672864, \"camera_id\": 30, \"camera\": \"Simpang DPRD Arah Kota\", \"total_vehicles\": 0, \"per_lane\": {}, \"crossings\": {\"kota\": 4}}"}
{"ts":1785672866.757,"level":"INFO","logger":"flowsense","msg":"record","camera_id":"30","event":"{\"ts\": 1785672866, \"camera_id\": 30, \"camera\": \"Simpang DPRD Arah Kota\", \"total_vehicles\": 0, \"per_lane\": {}, \"crossings\": {\"kota\": 4}}"}
{"ts":1785672868.794,"level":"INFO","logger":"flowsense","msg":"record","camera_id":"30","event":"{\"ts\": 1785672868, \"camera_id\": 30, \"camera\": \"Simpang DPRD Arah Kota\", \"total_vehicles\": 0, \"per_lane\": {}, \"crossings\": {\"kota\": 4}}"}
{"ts":1785672870.826,"level":"INFO","logger":"flowsense","msg":"record","camera_id":"30","event":"{\"ts\": 1785672870, \"camera_id\": 30, \"camera\": \"Simpang DPRD Arah Kota\", \"total_vehicles\": 0, \"per_lane\": {}, \"crossings\": {\"kota\": 4}}"}
{"ts":1785672872.853,"level":"INFO","logger":"flowsense","msg":"record","camera_id":"30","event":"{\"ts\": 1785672872, \"camera_id\": 30, \"camera\": \"Simpang DPRD Arah Kota\", \"total_vehicles\": 2, \"per_lane\": {}, \"crossings\": {\"kota\": 4}}"}
{"ts":1785672874.86,"level":"INFO","logger":"flowsense","msg":"record","camera_id":"30","event":"{\"ts\": 1785672874, \"camera_id\": 30, \"camera\": \"Simpang DPRD Arah Kota\", \"total_vehicles\": 3, \"per_lane\": {}, \"crossings\": {\"kota\": 4}}"}
{"ts":1785672876.883,"level":"INFO","logger":"flowsense","msg":"record","camera_id":"30","event":"{\"ts\": 1785672876, \"camera_id\": 30, \"camera\": \"Simpang DPRD Arah Kota\", \"total_vehicles\": 0, \"per_lane\": {}, \"crossings\": {\"kota\": 4}}"}
{"ts":1785672878.907,"level":"INFO","logger":"flowsense","msg":"record","camera_id":"30","event":"{\"ts\": 1785672878, \"camera_id\": 30, \"camera\": \"Simpang DPRD Arah Kota\", \"total_vehicles\": 1, \"per_lane\": {}, \"crossings\": {\"kota\": 4}}"}
{"ts":1785672880.911,"level":"INFO","logger":"flowsense","msg":"record","camera_id":"30","event":"{\"ts\": 1785672880, \"camera_id\": 30, \"camera\": \"Simpang DPRD Arah Kota\", \"total_vehicles\": 1, \"per_lane\": {}, \"crossings\": {\"kota\": 4}}"}
